"ID","Species(miRNA)","Species(Target)","miRNA","Target","Reporter assay","Western blot","qPCR","Microarray","NGS","pSILAC","Other","CLIP-Seq","Sum","Number of paper"
"MIRT000287","hsa","hsa","hsa-miR-155-5p","MEIS1","1","1","1","0","0","0","1","0","4","2"
"MIRT000289","hsa","hsa","hsa-miR-155-5p","TAB2","1","1","1","1","1","0","1","0","6","7"
"MIRT000442","hsa","hsa","hsa-miR-155-5p","MECP2","1","1","1","1","0","0","1","0","5","2"
"MIRT000456","hsa","hsa","hsa-miR-155-5p","SOCS1","1","1","1","1","1","0","1","0","6","10"
"MIRT000459","hsa","hsa","hsa-miR-155-5p","MSH6","1","1","0","0","0","0","1","0","3","1"
"MIRT000460","hsa","hsa","hsa-miR-155-5p","MSH2","1","1","0","0","0","0","1","0","3","1"
"MIRT000461","hsa","hsa","hsa-miR-155-5p","MLH1","1","1","1","0","0","0","1","0","4","2"
"MIRT000631","hsa","hsa","hsa-miR-155-5p","INPP5D","1","1","1","0","0","0","1","0","4","8"
"MIRT000972","hsa","hsa","hsa-miR-155-5p","DET1","1","0","0","0","0","0","1","0","2","2"
"MIRT000973","hsa","hsa","hsa-miR-155-5p","SMAD5","1","1","1","0","0","0","1","0","4","4"
"MIRT000974","hsa","hsa","hsa-miR-155-5p","HIVEP2","1","1","1","0","0","0","1","0","4","3"
"MIRT000975","hsa","hsa","hsa-miR-155-5p","ZNF652","1","1","1","1","0","0","1","0","5","4"
"MIRT000976","hsa","hsa","hsa-miR-155-5p","ZIC3","1","0","0","0","0","0","1","0","2","4"
"MIRT001043","hsa","hsa","hsa-miR-155-5p","BACH1","1","1","1","1","1","0","1","1","7","9"
"MIRT001044","hsa","mmu","hsa-miR-155-5p","Arntl","1","0","1","0","0","0","1","0","3","2"
"MIRT001045","hsa","mmu","hsa-miR-155-5p","Sla","1","0","1","0","0","0","0","0","2","1"
"MIRT001046","hsa","mmu","hsa-miR-155-5p","Hif1a","1","0","1","0","0","0","1","0","3","1"
"MIRT001047","hsa","mmu","hsa-miR-155-5p","Csf1r","1","0","1","0","0","0","1","0","3","3"
"MIRT001048","hsa","mmu","hsa-miR-155-5p","Jarid2","1","0","1","0","0","0","0","1","3","2"
"MIRT001049","hsa","mmu","hsa-miR-155-5p","Cebpb","1","1","1","0","0","0","1","0","4","1"
"MIRT001050","hsa","mmu","hsa-miR-155-5p","Picalm","1","1","1","0","0","0","1","0","4","1"
"MIRT001075","hsa","hsa","hsa-miR-155-5p","JARID2","1","0","1","0","1","0","1","1","5","6"
"MIRT001207","hsa","hsa","hsa-miR-155-5p","APC","1","1","1","0","0","0","1","0","4","4"
"MIRT001486","hsa","hsa","hsa-miR-155-5p","WDFY1","0","0","0","0","1","1","1","0","3","2"
"MIRT001487","hsa","hsa","hsa-miR-155-5p","VAMP3","0","0","0","0","0","1","1","0","2","1"
"MIRT001488","hsa","hsa","hsa-miR-155-5p","UBE2J1","0","0","0","0","0","1","1","0","2","1"
"MIRT001489","hsa","hsa","hsa-miR-155-5p","TXNRD1","0","0","0","0","0","1","1","0","2","1"
"MIRT001490","hsa","hsa","hsa-miR-155-5p","TXNDC12","0","0","0","0","0","1","1","0","2","1"
"MIRT001491","hsa","hsa","hsa-miR-155-5p","TRIP13","1","0","0","0","1","1","1","0","4","3"
"MIRT001492","hsa","hsa","hsa-miR-155-5p","TRIM32","0","0","1","1","1","1","1","0","5","3"
"MIRT001493","hsa","hsa","hsa-miR-155-5p","TRAM1","0","0","0","0","1","1","1","0","3","2"
"MIRT001494","hsa","hsa","hsa-miR-155-5p","TNFRSF10A","0","0","0","0","0","1","1","0","2","1"
"MIRT001495","hsa","hsa","hsa-miR-155-5p","TBCA","1","0","0","0","0","1","1","0","3","2"
"MIRT001496","hsa","hsa","hsa-miR-155-5p","TACSTD2","0","0","0","0","0","1","1","0","2","1"
"MIRT001497","hsa","hsa","hsa-miR-155-5p","SYPL1","0","0","0","0","0","1","1","0","2","1"
"MIRT001498","hsa","hsa","hsa-miR-155-5p","SYNE2","0","0","0","0","0","1","1","0","2","1"
"MIRT001499","hsa","hsa","hsa-miR-155-5p","SNAP29","0","0","0","0","0","1","1","0","2","1"
"MIRT001500","hsa","hsa","hsa-miR-155-5p","SMAD1","1","1","1","0","0","1","1","0","5","2"
"MIRT001501","hsa","hsa","hsa-miR-155-5p","SLC30A1","0","0","0","0","1","1","1","1","4","5"
"MIRT001502","hsa","hsa","hsa-miR-155-5p","SH3BP4","0","0","0","0","0","1","1","0","2","1"
"MIRT001503","hsa","hsa","hsa-miR-155-5p","SDCBP","1","1","1","1","0","1","1","0","6","3"
"MIRT001504","hsa","hsa","hsa-miR-155-5p","SCAMP1","0","0","0","0","0","1","1","0","2","1"
"MIRT001505","hsa","hsa","hsa-miR-155-5p","RHEB","1","0","0","1","0","1","1","0","4","3"
"MIRT001506","hsa","hsa","hsa-miR-155-5p","RCOR1","0","0","0","0","1","1","1","0","3","2"
"MIRT001507","hsa","hsa","hsa-miR-155-5p","RCN2","0","0","0","0","1","1","1","0","3","2"
"MIRT001508","hsa","hsa","hsa-miR-155-5p","RAI14","0","0","0","0","0","1","1","0","2","1"
"MIRT001509","hsa","hsa","hsa-miR-155-5p","RAB6A","0","0","0","0","0","1","1","0","2","1"
"MIRT001510","hsa","hsa","hsa-miR-155-5p","RAB5C","0","0","0","0","0","1","1","0","2","1"
"MIRT001511","hsa","hsa","hsa-miR-155-5p","RAB34","0","0","0","0","0","1","1","0","2","1"
"MIRT001512","hsa","hsa","hsa-miR-155-5p","RAB27B","0","0","0","0","0","1","1","0","2","1"
"MIRT001513","hsa","hsa","hsa-miR-155-5p","RAB23","0","0","0","0","0","1","1","0","2","1"
"MIRT001514","hsa","hsa","hsa-miR-155-5p","PTPRJ","0","0","0","0","0","1","1","0","2","1"
"MIRT001515","hsa","hsa","hsa-miR-155-5p","PRKCI","0","0","0","0","0","1","1","0","2","1"
"MIRT001516","hsa","hsa","hsa-miR-155-5p","PRAF2","0","0","0","0","0","1","0","0","1","1"
"MIRT001518","hsa","hsa","hsa-miR-155-5p","PPP5C","0","0","0","0","0","1","1","0","2","2"
"MIRT001519","hsa","hsa","hsa-miR-155-5p","PPL","0","0","1","1","0","1","1","0","4","2"
"MIRT001520","hsa","hsa","hsa-miR-155-5p","POLE4","0","0","0","0","0","1","1","0","2","1"
"MIRT001521","hsa","hsa","hsa-miR-155-5p","POLE3","1","0","0","0","0","1","1","0","3","2"
"MIRT001522","hsa","hsa","hsa-miR-155-5p","PODXL","0","0","0","0","0","1","1","0","2","1"
"MIRT001523","hsa","hsa","hsa-miR-155-5p","PLXND1","0","0","0","0","0","1","1","0","2","1"
"MIRT001524","hsa","hsa","hsa-miR-155-5p","PKN2","1","0","0","0","1","1","1","0","4","3"
"MIRT001525","hsa","hsa","hsa-miR-155-5p","PICALM","1","0","0","0","1","1","1","0","4","3"
"MIRT001526","hsa","hsa","hsa-miR-155-5p","PHC2","1","0","0","0","1","1","1","0","4","3"
"MIRT001527","hsa","hsa","hsa-miR-155-5p","PDLIM5","0","1","0","0","0","1","0","0","2","2"
"MIRT001528","hsa","hsa","hsa-miR-155-5p","PDE3A","0","0","0","0","1","1","1","1","4","3"
"MIRT001529","hsa","hsa","hsa-miR-155-5p","NT5E","0","0","0","0","0","1","1","0","2","1"
"MIRT001530","hsa","hsa","hsa-miR-155-5p","NARS","1","0","0","0","1","1","1","1","5","5"
"MIRT001531","hsa","hsa","hsa-miR-155-5p","MYO1E","0","0","0","0","0","1","1","0","2","1"
"MIRT001532","hsa","hsa","hsa-miR-155-5p","MYO10","1","1","1","0","0","1","1","0","5","2"
"MIRT001533","hsa","hsa","hsa-miR-155-5p","MSI2","0","1","0","0","0","1","0","0","2","2"
"MIRT001534","hsa","hsa","hsa-miR-155-5p","MPZL1","0","0","0","0","0","1","1","0","2","1"
"MIRT001535","hsa","hsa","hsa-miR-155-5p","MOSPD2","0","0","0","0","0","1","1","0","2","1"
"MIRT001536","hsa","hsa","hsa-miR-155-5p","MARC1","0","0","0","0","0","1","1","0","2","1"
"MIRT001538","hsa","hsa","hsa-miR-155-5p","METTL7A","0","0","0","0","0","1","1","0","2","1"
"MIRT001539","hsa","hsa","hsa-miR-155-5p","MET","0","0","0","0","0","0","1","0","1","1"
"MIRT001541","hsa","hsa","hsa-miR-155-5p","LY6K","0","0","0","0","0","1","1","0","2","1"
"MIRT001542","hsa","hsa","hsa-miR-155-5p","LPL","0","0","0","0","0","1","1","0","2","1"
"MIRT001543","hsa","hsa","hsa-miR-155-5p","UFL1","0","0","0","0","0","1","1","0","2","1"
"MIRT001544","hsa","hsa","hsa-miR-155-5p","HSDL1","0","0","0","0","1","1","1","0","3","2"
"MIRT001545","hsa","hsa","hsa-miR-155-5p","HSD17B12","0","0","0","0","0","1","1","0","2","1"
"MIRT001546","hsa","hsa","hsa-miR-155-5p","GNA13","0","0","0","0","0","1","1","0","2","1"
"MIRT001547","hsa","hsa","hsa-miR-155-5p","FMNL2","0","0","0","0","0","1","1","0","2","1"
"MIRT001549","hsa","hsa","hsa-miR-155-5p","FADS1","0","0","0","0","0","1","1","0","2","1"
"MIRT001550","hsa","hsa","hsa-miR-155-5p","DSG2","0","0","0","0","0","1","1","0","2","1"
"MIRT001551","hsa","hsa","hsa-miR-155-5p","DPP7","0","0","0","0","0","1","1","0","2","1"
"MIRT001552","hsa","hsa","hsa-miR-155-5p","DNAJC19","0","0","1","0","0","1","0","0","2","2"
"MIRT001553","hsa","hsa","hsa-miR-155-5p","DNAJB1","0","0","0","0","1","1","1","0","3","2"
"MIRT001554","hsa","hsa","hsa-miR-155-5p","DHX40","1","0","0","0","0","1","1","0","3","2"
"MIRT001555","hsa","hsa","hsa-miR-155-5p","CYP51A1","0","0","0","0","0","1","1","0","2","1"
"MIRT001556","hsa","hsa","hsa-miR-155-5p","CUL4B","0","0","0","0","0","1","1","0","2","1"
"MIRT001557","hsa","hsa","hsa-miR-155-5p","CTNNB1","0","0","0","0","0","1","1","0","2","1"
"MIRT001558","hsa","hsa","hsa-miR-155-5p","CLDN1","1","1","1","1","0","1","1","0","6","2"
"MIRT001559","hsa","hsa","hsa-miR-155-5p","CHAF1A","0","0","0","0","0","1","1","0","2","1"
"MIRT001560","hsa","hsa","hsa-miR-155-5p","CEBPB","1","1","1","1","1","1","1","0","7","11"
"MIRT001561","hsa","hsa","hsa-miR-155-5p","CDK5RAP3","0","0","0","0","0","1","1","0","2","2"
"MIRT001562","hsa","hsa","hsa-miR-155-5p","CBFB","0","0","0","0","0","1","1","0","2","1"
"MIRT001563","hsa","hsa","hsa-miR-155-5p","BRPF3","0","1","0","0","0","1","1","0","3","4"
"MIRT001564","hsa","hsa","hsa-miR-155-5p","BET1","0","0","0","0","0","1","1","0","2","1"
"MIRT001565","hsa","hsa","hsa-miR-155-5p","ATP6V1C1","0","0","0","0","0","1","1","0","2","1"
"MIRT001566","hsa","hsa","hsa-miR-155-5p","ATG3","0","0","0","0","0","1","1","0","2","1"
"MIRT001567","hsa","hsa","hsa-miR-155-5p","ARL5B","0","0","0","0","1","1","1","1","4","4"
"MIRT001568","hsa","hsa","hsa-miR-155-5p","ARL10","0","0","0","0","0","1","1","0","2","1"
"MIRT001569","hsa","hsa","hsa-miR-155-5p","ARID2","1","0","0","0","0","1","1","0","3","3"
"MIRT001570","hsa","hsa","hsa-miR-155-5p","ARFIP2","0","0","0","0","0","1","1","0","2","1"
"MIRT001571","hsa","hsa","hsa-miR-155-5p","ARFIP1","1","0","0","0","0","1","1","0","3","2"
"MIRT001572","hsa","hsa","hsa-miR-155-5p","ANKFY1","0","0","0","0","0","1","1","0","2","1"
"MIRT001573","hsa","hsa","hsa-miR-155-5p","AMIGO2","0","0","0","0","0","1","1","0","2","1"
"MIRT001803","hsa","hsa","hsa-miR-155-5p","TM6SF1","1","0","0","0","0","0","1","0","2","1"
"MIRT001804","hsa","hsa","hsa-miR-155-5p","MATR3","1","0","0","0","0","0","1","0","2","1"
"MIRT001805","hsa","hsa","hsa-miR-155-5p","LDOC1","1","0","0","0","0","0","1","0","2","1"
"MIRT001806","hsa","hsa","hsa-miR-155-5p","PHF17","1","0","0","0","1","0","1","0","3","2"
"MIRT001961","hsa","hsa","hsa-miR-155-5p","RHOA","1","1","1","0","0","0","1","0","4","1"
"MIRT002006","hsa","hsa","hsa-miR-155-5p","AGTR1","1","1","1","0","0","0","1","0","4","8"
"MIRT003007","hsa","hsa","hsa-miR-155-5p","TP53INP1","1","1","1","1","1","0","1","0","6","10"
"MIRT003482","hsa","hsa","hsa-miR-155-5p","FGF7","1","0","0","1","0","0","1","0","3","5"
"MIRT003484","hsa","hsa","hsa-miR-155-5p","IKBKE","1","1","1","0","0","0","1","0","4","6"
"MIRT004056","hsa","hsa","hsa-miR-155-5p","NFATC2IP","1","0","0","0","1","0","1","0","3","2"
"MIRT004087","hsa","hsa","hsa-miR-155-5p","CUX1","0","0","1","1","0","1","0","0","3","2"
"MIRT004088","hsa","hsa","hsa-miR-155-5p","BCAT1","0","0","0","1","0","0","1","0","2","1"
"MIRT004282","hsa","hsa","hsa-miR-155-5p","SPI1","1","1","1","0","1","0","1","0","5","6"
"MIRT004286","hsa","mmu","hsa-miR-155-5p","Inpp5d","1","1","1","0","0","0","0","0","3","1"
"MIRT004323","hsa","mmu","hsa-miR-155-5p","Cux1","1","1","1","0","0","0","0","0","3","1"
"MIRT004324","hsa","mmu","hsa-miR-155-5p","Sfpi1","1","1","1","0","0","0","0","0","3","1"
"MIRT004436","hsa","hsa","hsa-miR-155-5p","CTLA4","0","0","0","1","0","0","1","0","2","1"
"MIRT004455","hsa","hsa","hsa-miR-155-5p","EDN1","1","0","0","0","0","0","1","0","2","1"
"MIRT004495","hsa","hsa","hsa-miR-155-5p","FOXO3","1","1","1","1","0","0","1","0","5","7"
"MIRT004507","hsa","hsa","hsa-miR-155-5p","MAFB","1","0","1","1","0","0","1","0","4","2"
"MIRT004604","hsa","hsa","hsa-miR-155-5p","TSHZ3","1","0","0","0","0","0","1","0","2","2"
"MIRT004707","hsa","hsa","hsa-miR-155-5p","RUNX2","1","1","1","0","0","0","1","0","4","1"
"MIRT005032","hsa","hsa","hsa-miR-155-5p","IFNGR1","1","0","0","0","0","0","1","0","2","1"
"MIRT005091","hsa","hsa","hsa-miR-155-5p","ZNF236","0","0","0","1","0","0","1","0","2","1"
"MIRT005092","hsa","hsa","hsa-miR-155-5p","LAT2","0","0","0","1","1","0","1","0","3","1"
"MIRT005093","hsa","hsa","hsa-miR-155-5p","PAPOLA","0","0","0","1","0","0","1","0","2","1"
"MIRT005094","hsa","hsa","hsa-miR-155-5p","EHD1","0","0","0","1","0","0","1","0","2","1"
"MIRT005095","hsa","hsa","hsa-miR-155-5p","SERTAD2","0","0","0","1","0","0","1","0","2","1"
"MIRT005096","hsa","hsa","hsa-miR-155-5p","PELI1","0","0","0","1","0","0","1","0","2","2"
"MIRT005097","hsa","hsa","hsa-miR-155-5p","KBTBD2","1","0","0","1","0","0","1","0","3","2"
"MIRT005098","hsa","hsa","hsa-miR-155-5p","HNRNPA3P1","0","0","0","1","0","0","1","0","2","1"
"MIRT005099","hsa","hsa","hsa-miR-155-5p","SLC39A10","0","0","0","1","0","0","1","0","2","1"
"MIRT005100","hsa","hsa","hsa-miR-155-5p","KRAS","1","0","0","1","1","1","1","0","5","4"
"MIRT005101","hsa","hsa","hsa-miR-155-5p","CAMTA1","0","0","0","1","0","0","1","0","2","2"
"MIRT005102","hsa","hsa","hsa-miR-155-5p","NAMPT","0","0","0","1","0","0","1","0","2","1"
"MIRT005103","hsa","hsa","hsa-miR-155-5p","CREBRF","0","0","0","1","0","0","1","0","2","1"
"MIRT005104","hsa","hsa","hsa-miR-155-5p","ETS1","1","1","1","1","0","0","1","0","5","5"
"MIRT005105","hsa","hsa","hsa-miR-155-5p","TLE4","1","0","0","1","0","0","1","0","3","2"
"MIRT005244","hsa","hsa","hsa-miR-155-5p","FAR1","0","0","0","0","1","1","1","0","3","2"
"MIRT005245","hsa","hsa","hsa-miR-155-5p","EDEM3","0","0","0","0","0","1","1","0","2","1"
"MIRT005246","hsa","hsa","hsa-miR-155-5p","TWF1","0","0","1","1","0","1","1","0","4","3"
"MIRT005247","hsa","hsa","hsa-miR-155-5p","C3orf58","0","0","0","0","0","1","1","0","2","1"
"MIRT005248","hsa","hsa","hsa-miR-155-5p","SLC25A40","0","0","0","0","0","1","1","0","2","1"
"MIRT005249","hsa","hsa","hsa-miR-155-5p","PSMG1","0","0","0","0","0","1","1","0","2","1"
"MIRT005251","hsa","hsa","hsa-miR-155-5p","IKBIP","0","0","0","0","0","1","1","0","2","2"
"MIRT005252","hsa","hsa","hsa-miR-155-5p","LCLAT1","0","0","0","0","0","1","1","0","2","1"
"MIRT005253","hsa","hsa","hsa-miR-155-5p","VEZF1","0","0","0","0","1","1","1","0","3","2"
"MIRT005254","hsa","hsa","hsa-miR-155-5p","SACM1L","0","0","0","0","0","1","1","0","2","1"
"MIRT005255","hsa","hsa","hsa-miR-155-5p","DCAF7","0","0","0","0","0","1","1","0","2","1"
"MIRT005256","hsa","hsa","hsa-miR-155-5p","ERMP1","0","0","0","0","0","1","1","0","2","1"
"MIRT005257","hsa","hsa","hsa-miR-155-5p","KRT80","0","0","0","0","0","1","1","0","2","1"
"MIRT005349","hsa","hsa","hsa-miR-155-5p","FLI1","0","1","0","0","0","0","1","0","2","2"
"MIRT005411","hsa","hsa","hsa-miR-155-5p","DOCK4","0","0","0","1","0","0","1","0","2","1"
"MIRT005484","hsa","hsa","hsa-miR-155-5p","CYR61","1","1","1","1","0","0","1","0","5","3"
"MIRT005709","hsa","hsa","hsa-miR-155-5p","ICAM1","1","0","1","0","0","0","0","0","2","2"
"MIRT005713","hsa","hsa","hsa-miR-155-5p","SELE","1","0","0","0","0","0","0","0","1","1"
"MIRT005872","hsa","hsa","hsa-miR-155-5p","SMAD2","1","1","1","0","1","0","1","0","5","5"
"MIRT005884","hsa","hsa","hsa-miR-155-5p","MYB","1","1","1","1","0","0","0","0","4","3"
"MIRT005885","hsa","hsa","hsa-miR-155-5p","SKI","1","1","1","0","0","0","0","0","3","2"
"MIRT006008","hsa","hsa","hsa-miR-155-5p","LOC150786","0","0","0","0","0","1","0","0","1","1"
"MIRT006102","hsa","hsa","hsa-miR-155-5p","RNF123","1","1","1","0","0","0","0","0","3","1"
"MIRT006103","hsa","hsa","hsa-miR-155-5p","CSF1R","1","1","1","0","0","0","1","0","4","3"
"MIRT006113","hsa","hsa","hsa-miR-155-5p","SOX6","1","1","1","0","0","0","0","0","3","1"
"MIRT006116","hsa","hsa","hsa-miR-155-5p","CKAP5","1","1","1","0","0","0","1","0","4","2"
"MIRT006208","hsa","hsa","hsa-miR-155-5p","JUN","1","1","1","0","0","0","0","0","3","1"
"MIRT006214","hsa","hsa","hsa-miR-155-5p","PKIA","1","0","1","0","1","0","0","0","3","1"
"MIRT006267","hsa","hsa","hsa-miR-155-5p","CSNK1A1","1","0","0","0","1","0","1","0","3","4"
"MIRT006285","hsa","hsa","hsa-miR-155-5p","GCSAM","1","1","0","0","0","0","0","0","2","1"
"MIRT006439","hsa","hsa","hsa-miR-155-5p","KDM3A","1","1","1","1","0","0","0","0","4","1"
"MIRT006517","hsa","hsa","hsa-miR-155-5p","UQCRFS1","1","1","0","0","0","0","0","0","2","1"
"MIRT006687","hsa","hsa","hsa-miR-155-5p","IL13RA1","1","0","0","0","0","0","0","0","1","1"
"MIRT006848","hsa","hsa","hsa-miR-155-5p","FADD","1","1","1","1","0","0","1","0","5","2"
"MIRT006927","hsa","hsa","hsa-miR-155-5p","BCL6","1","0","0","0","0","0","0","0","1","1"
"MIRT006969","hsa","hsa","hsa-miR-155-5p","MITF","1","0","0","0","0","0","0","0","1","1"
"MIRT007103","hsa","hsa","hsa-miR-155-5p","MAP3K10","1","0","0","0","1","0","1","0","3","3"
"MIRT007181","hsa","hsa","hsa-miR-155-5p","NOS3","1","1","1","0","0","0","0","0","3","1"
"MIRT020486","hsa","hsa","hsa-miR-155-5p","UBR4","0","0","0","0","0","0","1","0","1","1"
"MIRT020487","hsa","hsa","hsa-miR-155-5p","C9orf142","0","0","0","0","0","0","1","0","1","1"
"MIRT020488","hsa","hsa","hsa-miR-155-5p","MECR","0","0","0","0","0","0","1","0","1","1"
"MIRT020489","hsa","hsa","hsa-miR-155-5p","LUC7L2","0","0","0","0","0","0","1","0","1","1"
"MIRT020490","hsa","hsa","hsa-miR-155-5p","TCEA1","0","0","0","0","0","0","1","0","1","1"
"MIRT020491","hsa","hsa","hsa-miR-155-5p","ZC2HC1C","0","0","0","0","0","0","1","0","1","1"
"MIRT020492","hsa","hsa","hsa-miR-155-5p","ANAPC16","1","0","0","0","0","0","1","0","2","1"
"MIRT020493","hsa","hsa","hsa-miR-155-5p","C17orf80","1","0","0","0","0","0","1","0","2","1"
"MIRT020494","hsa","hsa","hsa-miR-155-5p","SLC27A2","0","0","0","0","0","0","1","0","1","1"
"MIRT020495","hsa","hsa","hsa-miR-155-5p","XPC","0","0","0","0","0","0","1","0","1","1"
"MIRT020496","hsa","hsa","hsa-miR-155-5p","EIF3G","0","0","0","0","0","0","1","0","1","1"
"MIRT020497","hsa","hsa","hsa-miR-155-5p","EIF2B5","0","0","0","0","0","0","1","0","1","1"
"MIRT020498","hsa","hsa","hsa-miR-155-5p","UBA3","0","0","0","0","0","0","1","0","1","1"
"MIRT020499","hsa","hsa","hsa-miR-155-5p","EIF3E","0","0","0","0","0","0","1","0","1","1"
"MIRT020500","hsa","hsa","hsa-miR-155-5p","PCYOX1","0","0","0","0","0","0","1","0","1","1"
"MIRT020501","hsa","hsa","hsa-miR-155-5p","EXOC7","0","0","0","0","0","0","1","0","1","1"
"MIRT020502","hsa","hsa","hsa-miR-155-5p","QPCTL","0","0","0","0","0","0","1","0","1","1"
"MIRT020503","hsa","hsa","hsa-miR-155-5p","DYNC2H1","0","0","0","0","0","0","1","0","1","1"
"MIRT020504","hsa","hsa","hsa-miR-155-5p","GLIPR2","0","0","0","0","0","0","1","0","1","1"
"MIRT020505","hsa","hsa","hsa-miR-155-5p","HEATR2","0","0","0","0","0","0","1","0","1","1"
"MIRT020506","hsa","hsa","hsa-miR-155-5p","UGT8","0","0","0","0","0","0","1","0","1","1"
"MIRT020507","hsa","hsa","hsa-miR-155-5p","HSPB11","0","0","0","0","0","0","1","0","1","1"
"MIRT020508","hsa","hsa","hsa-miR-155-5p","CCDC137","0","0","0","0","0","0","1","0","1","1"
"MIRT020509","hsa","hsa","hsa-miR-155-5p","GLB1","0","0","0","0","0","0","1","0","1","1"
"MIRT020510","hsa","hsa","hsa-miR-155-5p","LRRC40","0","0","0","0","0","0","1","0","1","1"
"MIRT020511","hsa","hsa","hsa-miR-155-5p","VBP1","0","0","0","0","0","0","1","0","1","1"
"MIRT020512","hsa","hsa","hsa-miR-155-5p","MGST2","0","0","0","0","0","0","1","0","1","1"
"MIRT020513","hsa","hsa","hsa-miR-155-5p","GNB4","0","0","0","0","0","0","1","0","1","1"
"MIRT020514","hsa","hsa","hsa-miR-155-5p","JUP","0","0","0","0","0","0","1","0","1","1"
"MIRT020515","hsa","hsa","hsa-miR-155-5p","DNAJC2","0","0","0","0","0","0","1","0","1","1"
"MIRT020516","hsa","hsa","hsa-miR-155-5p","GOLPH3","0","0","0","0","0","0","1","0","1","1"
"MIRT020517","hsa","hsa","hsa-miR-155-5p","DRAP1","0","0","0","0","0","0","1","0","1","1"
"MIRT020518","hsa","hsa","hsa-miR-155-5p","NOB1","0","0","0","0","0","0","1","0","1","1"
"MIRT020519","hsa","hsa","hsa-miR-155-5p","SLC1A5","0","0","0","0","0","0","1","0","1","1"
"MIRT020520","hsa","hsa","hsa-miR-155-5p","RAB14","0","0","0","0","0","0","1","0","1","1"
"MIRT020521","hsa","hsa","hsa-miR-155-5p","YBX3","0","0","0","0","0","0","1","0","1","1"
"MIRT020522","hsa","hsa","hsa-miR-155-5p","SLC39A14","0","0","0","0","0","0","1","0","1","1"
"MIRT020523","hsa","hsa","hsa-miR-155-5p","UBE2J2","0","0","0","0","0","0","1","0","1","1"
"MIRT020524","hsa","hsa","hsa-miR-155-5p","EIF4A1","0","0","0","0","0","0","1","0","1","1"
"MIRT020525","hsa","hsa","hsa-miR-155-5p","CAB39L","0","0","0","0","0","0","1","0","1","1"
"MIRT020526","hsa","hsa","hsa-miR-155-5p","MYLK","1","1","1","0","0","0","1","0","4","2"
"MIRT020527","hsa","hsa","hsa-miR-155-5p","EIF2B2","0","0","0","0","0","0","1","0","1","1"
"MIRT020528","hsa","hsa","hsa-miR-155-5p","CNDP2","0","0","0","0","0","0","1","0","1","1"
"MIRT020529","hsa","hsa","hsa-miR-155-5p","RTN3","0","0","0","0","0","0","1","0","1","1"
"MIRT020530","hsa","hsa","hsa-miR-155-5p","TMBIM6","0","0","0","0","0","0","1","0","1","1"
"MIRT020531","hsa","hsa","hsa-miR-155-5p","EIF4G2","0","0","0","0","0","0","1","0","1","1"
"MIRT020532","hsa","hsa","hsa-miR-155-5p","CDC42BPB","0","0","0","0","0","0","1","0","1","1"
"MIRT020533","hsa","hsa","hsa-miR-155-5p","MYD88","0","1","0","0","0","0","1","0","2","2"
"MIRT020534","hsa","hsa","hsa-miR-155-5p","ADH5","0","0","0","0","0","0","1","0","1","1"
"MIRT020535","hsa","hsa","hsa-miR-155-5p","EIF3C","0","0","0","0","0","0","1","0","1","1"
"MIRT020536","hsa","hsa","hsa-miR-155-5p","QRICH1","0","0","0","0","0","0","1","0","1","1"
"MIRT020537","hsa","hsa","hsa-miR-155-5p","CYFIP1","0","0","0","0","0","0","1","0","1","1"
"MIRT020538","hsa","hsa","hsa-miR-155-5p","PSIP1","1","1","1","1","0","0","1","0","5","2"
"MIRT020539","hsa","hsa","hsa-miR-155-5p","SIN3A","0","0","0","0","0","0","1","0","1","1"
"MIRT020540","hsa","hsa","hsa-miR-155-5p","STK24","0","0","0","0","0","0","1","0","1","1"
"MIRT020541","hsa","hsa","hsa-miR-155-5p","AGL","0","0","0","0","0","0","1","0","1","1"
"MIRT020542","hsa","hsa","hsa-miR-155-5p","METAP2","0","0","0","0","0","0","1","0","1","1"
"MIRT020543","hsa","hsa","hsa-miR-155-5p","SPIN1","0","0","0","0","0","0","1","0","1","1"
"MIRT020544","hsa","hsa","hsa-miR-155-5p","FAM98B","0","0","0","0","0","0","1","0","1","1"
"MIRT020545","hsa","hsa","hsa-miR-155-5p","ERI1","0","0","0","0","0","0","1","0","1","1"
"MIRT020546","hsa","hsa","hsa-miR-155-5p","COLGALT1","0","0","0","0","1","0","1","0","2","2"
"MIRT020547","hsa","hsa","hsa-miR-155-5p","UGDH","0","0","0","0","0","0","1","0","1","1"
"MIRT020548","hsa","hsa","hsa-miR-155-5p","KIAA1715","0","0","0","0","0","0","1","0","1","1"
"MIRT020549","hsa","hsa","hsa-miR-155-5p","XPO1","0","0","0","0","0","0","1","0","1","1"
"MIRT020550","hsa","hsa","hsa-miR-155-5p","PALLD","0","0","0","0","0","0","1","0","1","1"
"MIRT020551","hsa","hsa","hsa-miR-155-5p","MUT","0","0","0","0","0","0","1","0","1","1"
"MIRT020552","hsa","hsa","hsa-miR-155-5p","RAP1B","0","0","0","0","0","0","1","0","1","1"
"MIRT020553","hsa","hsa","hsa-miR-155-5p","BAG5","0","0","0","0","1","0","1","0","2","2"
"MIRT020554","hsa","hsa","hsa-miR-155-5p","LPGAT1","0","0","0","0","0","0","1","0","1","1"
"MIRT020555","hsa","hsa","hsa-miR-155-5p","LRP1B","0","0","0","0","0","0","1","0","1","1"
"MIRT020556","hsa","hsa","hsa-miR-155-5p","GCFC2","1","0","0","0","0","0","1","0","2","1"
"MIRT020557","hsa","hsa","hsa-miR-155-5p","EXOSC2","1","0","0","0","0","0","1","0","2","1"
"MIRT020558","hsa","hsa","hsa-miR-155-5p","LNX2","1","0","0","0","0","0","1","0","2","1"
"MIRT020559","hsa","hsa","hsa-miR-155-5p","ZNF248","1","0","0","0","1","0","1","0","3","2"
"MIRT020560","hsa","hsa","hsa-miR-155-5p","CHD9","1","0","0","0","1","0","1","0","3","2"
"MIRT020561","hsa","hsa","hsa-miR-155-5p","MEF2A","1","0","0","0","1","0","1","0","3","2"
"MIRT020562","hsa","hsa","hsa-miR-155-5p","CAB39","1","0","1","1","1","0","1","0","5","3"
"MIRT020563","hsa","hsa","hsa-miR-155-5p","CLUAP1","1","0","0","0","1","0","1","0","3","2"
"MIRT020564","hsa","hsa","hsa-miR-155-5p","CARD11","1","0","0","1","0","0","1","0","3","2"
"MIRT020565","hsa","hsa","hsa-miR-155-5p","PCDH9","1","0","0","0","0","0","1","0","2","1"
"MIRT020566","hsa","hsa","hsa-miR-155-5p","ZNF561","1","0","0","0","0","0","1","0","2","1"
"MIRT020567","hsa","hsa","hsa-miR-155-5p","CARHSP1","1","0","0","0","0","0","1","0","2","1"
"MIRT020568","hsa","hsa","hsa-miR-155-5p","C16orf62","1","0","0","0","0","0","1","0","2","2"
"MIRT020569","hsa","hsa","hsa-miR-155-5p","LIN7C","1","0","0","0","1","0","1","0","3","3"
"MIRT020570","hsa","hsa","hsa-miR-155-5p","CBR4","1","0","0","0","0","0","1","0","2","2"
"MIRT020571","hsa","hsa","hsa-miR-155-5p","ECI1","0","0","0","0","0","0","1","0","1","1"
"MIRT020572","hsa","hsa","hsa-miR-155-5p","OSBPL10","0","0","0","0","0","0","1","0","1","1"
"MIRT020573","hsa","hsa","hsa-miR-155-5p","EIF4E2","0","0","0","0","0","0","1","0","1","1"
"MIRT020574","hsa","hsa","hsa-miR-155-5p","TGM2","0","0","0","0","0","0","1","0","1","1"
"MIRT020575","hsa","hsa","hsa-miR-155-5p","SLC9A3R2","0","0","0","0","0","0","1","0","1","1"
"MIRT020576","hsa","hsa","hsa-miR-155-5p","CHAF1B","0","0","0","0","0","0","1","0","1","1"
"MIRT020577","hsa","hsa","hsa-miR-155-5p","PPFIBP1","0","0","0","0","0","0","1","0","1","1"
"MIRT020578","hsa","hsa","hsa-miR-155-5p","UBXN1","0","0","0","0","0","0","1","0","1","1"
"MIRT020579","hsa","hsa","hsa-miR-155-5p","ESRRA","0","0","0","0","0","0","1","0","1","1"
"MIRT020580","hsa","hsa","hsa-miR-155-5p","GAPVD1","0","0","0","0","0","0","1","0","1","1"
"MIRT020581","hsa","hsa","hsa-miR-155-5p","CTAGE5","0","0","0","0","0","0","1","0","1","1"
"MIRT020582","hsa","hsa","hsa-miR-155-5p","RBM42","0","0","0","0","0","0","1","0","1","1"
"MIRT020583","hsa","hsa","hsa-miR-155-5p","MFF","0","0","0","0","0","0","1","0","1","1"
"MIRT020584","hsa","hsa","hsa-miR-155-5p","NEU1","0","0","0","0","0","0","1","0","1","1"
"MIRT020585","hsa","hsa","hsa-miR-155-5p","SCD","0","0","0","0","0","0","1","0","1","1"
"MIRT020586","hsa","hsa","hsa-miR-155-5p","UBE2D2","0","0","0","0","0","0","1","0","1","1"
"MIRT020587","hsa","hsa","hsa-miR-155-5p","OVCA2","0","0","0","0","0","0","1","0","1","1"
"MIRT020588","hsa","hsa","hsa-miR-155-5p","EIF3CL","0","0","0","0","0","0","1","0","1","1"
"MIRT020589","hsa","hsa","hsa-miR-155-5p","AURKA","0","0","0","0","0","0","1","0","1","1"
"MIRT020590","hsa","hsa","hsa-miR-155-5p","LEPREL2","0","0","0","0","0","0","1","0","1","1"
"MIRT020591","hsa","hsa","hsa-miR-155-5p","FUBP1","0","0","0","0","0","0","1","0","1","1"
"MIRT020592","hsa","hsa","hsa-miR-155-5p","RETSAT","0","0","0","0","0","0","1","0","1","1"
"MIRT020593","hsa","hsa","hsa-miR-155-5p","MPP2","0","0","0","0","0","0","1","0","1","1"
"MIRT020594","hsa","hsa","hsa-miR-155-5p","KIAA0368","0","0","0","0","0","0","1","0","1","1"
"MIRT020595","hsa","hsa","hsa-miR-155-5p","NES","0","0","0","0","0","0","1","0","1","1"
"MIRT020596","hsa","hsa","hsa-miR-155-5p","KIF22","0","0","0","0","0","0","1","0","1","1"
"MIRT020597","hsa","hsa","hsa-miR-155-5p","PACSIN2","0","0","0","0","0","0","1","0","1","1"
"MIRT020598","hsa","hsa","hsa-miR-155-5p","SLC25A19","0","0","0","0","0","0","1","0","1","1"
"MIRT020599","hsa","hsa","hsa-miR-155-5p","IPO8","0","0","0","0","0","0","1","0","1","1"
"MIRT020600","hsa","hsa","hsa-miR-155-5p","GPT2","0","0","0","0","0","0","1","0","1","1"
"MIRT020601","hsa","hsa","hsa-miR-155-5p","OGFOD1","0","0","0","0","0","0","1","0","1","1"
"MIRT020602","hsa","hsa","hsa-miR-155-5p","AKR7A2","0","0","0","0","0","0","1","0","1","1"
"MIRT020603","hsa","hsa","hsa-miR-155-5p","TRMT1","0","0","0","0","0","0","1","0","1","1"
"MIRT020604","hsa","hsa","hsa-miR-155-5p","MCAM","0","0","0","0","0","0","1","0","1","1"
"MIRT020605","hsa","hsa","hsa-miR-155-5p","INA","0","0","0","0","0","0","1","0","1","1"
"MIRT020606","hsa","hsa","hsa-miR-155-5p","SNX6","0","0","0","0","0","0","1","0","1","1"
"MIRT020607","hsa","hsa","hsa-miR-155-5p","PDAP1","0","0","0","0","0","0","1","0","1","1"
"MIRT020608","hsa","hsa","hsa-miR-155-5p","PCNT","0","0","0","0","0","0","1","0","1","1"
"MIRT020609","hsa","hsa","hsa-miR-155-5p","FIP1L1","0","0","0","0","0","0","1","0","1","1"
"MIRT020610","hsa","hsa","hsa-miR-155-5p","MTAP","0","0","0","0","0","0","1","0","1","1"
"MIRT020611","hsa","hsa","hsa-miR-155-5p","CEP55","0","0","0","0","0","0","1","0","1","1"
"MIRT020612","hsa","hsa","hsa-miR-155-5p","AIFM1","0","0","0","0","0","0","1","0","1","1"
"MIRT020613","hsa","hsa","hsa-miR-155-5p","PPM1G","0","0","0","0","0","0","1","0","1","1"
"MIRT020614","hsa","hsa","hsa-miR-155-5p","PAM16","0","0","0","0","0","0","1","0","1","1"
"MIRT020615","hsa","hsa","hsa-miR-155-5p","PLK1","0","0","0","0","0","0","1","0","1","1"
"MIRT020616","hsa","hsa","hsa-miR-155-5p","AURKB","0","0","0","0","0","0","1","0","1","1"
"MIRT020617","hsa","hsa","hsa-miR-155-5p","NASP","0","0","0","0","0","0","1","0","1","1"
"MIRT020618","hsa","hsa","hsa-miR-155-5p","NUPL2","0","0","0","0","0","0","1","0","1","1"
"MIRT020619","hsa","hsa","hsa-miR-155-5p","NCKAP1","0","0","0","0","0","0","1","0","1","1"
"MIRT020620","hsa","hsa","hsa-miR-155-5p","EXOC2","0","0","0","0","0","0","1","0","1","1"
"MIRT020621","hsa","hsa","hsa-miR-155-5p","SEC24B","0","0","0","0","0","0","1","0","1","1"
"MIRT020622","hsa","hsa","hsa-miR-155-5p","RRM2","0","0","0","0","0","0","1","0","1","1"
"MIRT020623","hsa","hsa","hsa-miR-155-5p","GRPEL1","0","0","0","0","0","0","1","0","1","1"
"MIRT020624","hsa","hsa","hsa-miR-155-5p","ALDH9A1","0","0","0","0","0","0","1","0","1","1"
"MIRT020625","hsa","hsa","hsa-miR-155-5p","ZNF257","0","0","0","0","0","0","1","0","1","1"
"MIRT020626","hsa","hsa","hsa-miR-155-5p","AP1G1","0","0","0","0","0","0","1","0","1","1"
"MIRT020627","hsa","hsa","hsa-miR-155-5p","LUZP1","0","0","0","0","0","0","1","0","1","1"
"MIRT020628","hsa","hsa","hsa-miR-155-5p","RPRD1A","0","0","0","0","0","0","1","0","1","1"
"MIRT020629","hsa","hsa","hsa-miR-155-5p","NAA25","0","0","0","0","0","0","1","0","1","1"
"MIRT020630","hsa","hsa","hsa-miR-155-5p","RP2","0","0","0","0","0","0","1","0","1","1"
"MIRT020631","hsa","hsa","hsa-miR-155-5p","NUP155","0","0","0","0","0","0","1","0","1","1"
"MIRT020632","hsa","hsa","hsa-miR-155-5p","FAM105B","0","0","0","0","0","0","1","0","1","1"
"MIRT020633","hsa","hsa","hsa-miR-155-5p","TMX3","0","0","0","0","0","0","1","0","1","1"
"MIRT020634","hsa","hsa","hsa-miR-155-5p","ERGIC1","0","0","0","0","0","0","1","0","1","1"
"MIRT020635","hsa","hsa","hsa-miR-155-5p","TRAPPC13","0","0","0","0","0","0","1","0","1","1"
"MIRT020636","hsa","hsa","hsa-miR-155-5p","NFYC","0","0","0","0","0","0","1","0","1","1"
"MIRT020637","hsa","hsa","hsa-miR-155-5p","UBE2D3","0","0","0","0","0","0","1","0","1","1"
"MIRT020638","hsa","hsa","hsa-miR-155-5p","SUZ12","0","0","0","0","0","0","1","0","1","1"
"MIRT020639","hsa","hsa","hsa-miR-155-5p","GLIPR1","0","0","0","0","0","0","1","0","1","1"
"MIRT020640","hsa","hsa","hsa-miR-155-5p","GPM6B","1","0","0","0","0","0","0","0","1","1"
"MIRT020641","hsa","hsa","hsa-miR-155-5p","LRIF1","1","0","0","0","1","0","1","0","3","2"
"MIRT020642","hsa","hsa","hsa-miR-155-5p","TAF5L","1","0","0","0","0","0","1","0","2","1"
"MIRT020643","hsa","hsa","hsa-miR-155-5p","HERC4","1","0","0","0","0","0","1","0","2","1"
"MIRT020644","hsa","hsa","hsa-miR-155-5p","MORC3","1","0","0","0","0","0","1","0","2","1"
"MIRT020645","hsa","hsa","hsa-miR-155-5p","MBNL3","1","0","0","0","0","0","1","0","2","1"
"MIRT020646","hsa","hsa","hsa-miR-155-5p","UPF2","1","0","0","0","1","0","1","0","3","3"
"MIRT020647","hsa","hsa","hsa-miR-155-5p","KRT6B","0","0","0","0","0","0","1","0","1","1"
"MIRT020648","hsa","hsa","hsa-miR-155-5p","FLNA","0","0","0","0","0","0","1","0","1","1"
"MIRT020649","hsa","hsa","hsa-miR-155-5p","DAG1","0","0","0","0","0","0","1","0","1","1"
"MIRT020650","hsa","hsa","hsa-miR-155-5p","TIMM13","0","0","0","0","0","0","1","0","1","1"
"MIRT020651","hsa","hsa","hsa-miR-155-5p","BUD31","0","0","0","0","0","0","1","0","1","1"
"MIRT020652","hsa","hsa","hsa-miR-155-5p","CUTA","0","0","0","0","0","0","1","0","1","1"
"MIRT020653","hsa","hsa","hsa-miR-155-5p","STIM1","0","0","0","0","0","0","1","0","1","1"
"MIRT020654","hsa","hsa","hsa-miR-155-5p","EOGT","0","0","0","0","0","0","1","0","1","1"
"MIRT020655","hsa","hsa","hsa-miR-155-5p","GEMIN5","0","0","0","0","0","0","1","0","1","1"
"MIRT020656","hsa","hsa","hsa-miR-155-5p","GNPNAT1","0","0","0","0","0","0","1","0","1","1"
"MIRT020657","hsa","hsa","hsa-miR-155-5p","STXBP2","0","0","0","0","0","0","1","0","1","1"
"MIRT020658","hsa","hsa","hsa-miR-155-5p","PCCB","0","0","0","0","0","0","1","0","1","1"
"MIRT020659","hsa","hsa","hsa-miR-155-5p","EIF3J","0","0","0","0","0","0","1","0","1","1"
"MIRT020660","hsa","hsa","hsa-miR-155-5p","CHRAC1","0","0","0","0","0","0","1","0","1","1"
"MIRT020661","hsa","hsa","hsa-miR-155-5p","PLAUR","0","0","0","0","0","0","1","0","1","1"
"MIRT020662","hsa","hsa","hsa-miR-155-5p","CISD2","0","0","0","0","0","0","1","0","1","1"
"MIRT020663","hsa","hsa","hsa-miR-155-5p","BCL7C","0","0","0","0","0","0","1","0","1","1"
"MIRT020664","hsa","hsa","hsa-miR-155-5p","TICAM2","0","0","0","0","0","0","1","0","1","1"
"MIRT020665","hsa","hsa","hsa-miR-155-5p","KDM1A","0","1","1","0","0","0","1","0","3","1"
"MIRT020666","hsa","hsa","hsa-miR-155-5p","PSEN1","0","0","0","0","0","0","1","0","1","1"
"MIRT020667","hsa","hsa","hsa-miR-155-5p","STRN","0","0","0","0","0","0","1","0","1","1"
"MIRT020668","hsa","hsa","hsa-miR-155-5p","SMARCD2","0","0","0","0","0","0","1","0","1","1"
"MIRT020669","hsa","hsa","hsa-miR-155-5p","RARS","0","0","0","0","0","0","1","0","1","1"
"MIRT020670","hsa","hsa","hsa-miR-155-5p","RBPJ","0","0","0","0","0","0","1","0","1","1"
"MIRT020671","hsa","hsa","hsa-miR-155-5p","LARS","0","0","0","0","0","0","1","0","1","1"
"MIRT020672","hsa","hsa","hsa-miR-155-5p","ALDH1A2","0","0","0","0","0","0","1","0","1","1"
"MIRT020673","hsa","hsa","hsa-miR-155-5p","CNOT10","0","0","0","0","0","0","1","0","1","1"
"MIRT020674","hsa","hsa","hsa-miR-155-5p","UBE2H","0","0","0","0","0","0","1","0","1","1"
"MIRT020675","hsa","hsa","hsa-miR-155-5p","TNKS1BP1","0","0","0","0","0","0","1","0","1","1"
"MIRT020676","hsa","hsa","hsa-miR-155-5p","PUS7","0","0","0","0","0","0","1","0","1","1"
"MIRT020677","hsa","hsa","hsa-miR-155-5p","RPL39","0","0","0","0","0","0","1","0","1","1"
"MIRT020678","hsa","hsa","hsa-miR-155-5p","CTSA","0","0","0","0","0","0","1","0","1","1"
"MIRT020679","hsa","hsa","hsa-miR-155-5p","MBLAC2","0","0","0","0","0","0","1","0","1","1"
"MIRT020680","hsa","hsa","hsa-miR-155-5p","GAR1","0","0","0","0","0","0","1","0","1","1"
"MIRT020681","hsa","hsa","hsa-miR-155-5p","RAD1","0","0","0","0","0","0","1","0","1","1"
"MIRT020682","hsa","hsa","hsa-miR-155-5p","NOLC1","0","0","0","0","0","0","1","0","1","1"
"MIRT020683","hsa","hsa","hsa-miR-155-5p","FGF2","0","0","0","0","0","0","1","0","1","1"
"MIRT020684","hsa","hsa","hsa-miR-155-5p","KDELC2","0","0","0","0","0","0","1","0","1","1"
"MIRT020685","hsa","hsa","hsa-miR-155-5p","HSPA4L","0","0","0","0","0","0","1","0","1","1"
"MIRT020686","hsa","hsa","hsa-miR-155-5p","PEBP1","1","1","1","0","0","0","1","0","4","1"
"MIRT020687","hsa","hsa","hsa-miR-155-5p","PNPLA4","0","0","0","0","0","0","1","0","1","1"
"MIRT020688","hsa","hsa","hsa-miR-155-5p","BCORL1","0","0","0","0","0","0","1","0","1","1"
"MIRT020689","hsa","hsa","hsa-miR-155-5p","GHITM","0","0","0","0","1","0","1","1","3","3"
"MIRT020690","hsa","hsa","hsa-miR-155-5p","FAM3C","0","0","0","0","0","0","1","0","1","1"
"MIRT020691","hsa","hsa","hsa-miR-155-5p","PGRMC2","0","0","0","0","1","0","1","0","2","2"
"MIRT020692","hsa","hsa","hsa-miR-155-5p","RPAP1","0","0","0","0","0","0","1","0","1","1"
"MIRT020693","hsa","hsa","hsa-miR-155-5p","NCAPG","0","0","0","0","0","0","1","0","1","1"
"MIRT020694","hsa","hsa","hsa-miR-155-5p","PDE12","0","0","0","0","1","0","1","0","2","2"
"MIRT020695","hsa","hsa","hsa-miR-155-5p","TFCP2","0","0","0","0","0","0","1","0","1","1"
"MIRT020696","hsa","hsa","hsa-miR-155-5p","CARD10","0","0","0","0","0","0","1","0","1","1"
"MIRT020697","hsa","hsa","hsa-miR-155-5p","NKX3-1","0","1","0","0","0","0","1","0","2","2"
"MIRT020698","hsa","hsa","hsa-miR-155-5p","L2HGDH","0","0","0","0","0","0","1","0","1","1"
"MIRT020699","hsa","hsa","hsa-miR-155-5p","PRKAR2A","0","0","0","0","0","0","1","0","1","1"
"MIRT020700","hsa","hsa","hsa-miR-155-5p","ARL5A","0","0","0","0","0","0","1","0","1","1"
"MIRT020701","hsa","hsa","hsa-miR-155-5p","CD109","0","0","0","0","0","0","1","0","1","1"
"MIRT020702","hsa","hsa","hsa-miR-155-5p","TOMM34","0","0","0","0","0","0","1","0","1","1"
"MIRT020703","hsa","hsa","hsa-miR-155-5p","CFL2","0","0","0","0","0","0","1","0","1","1"
"MIRT020704","hsa","hsa","hsa-miR-155-5p","AIMP1","0","0","0","0","0","0","1","0","1","1"
"MIRT020705","hsa","hsa","hsa-miR-155-5p","MIDN","0","0","0","0","1","0","1","1","3","4"
"MIRT020706","hsa","hsa","hsa-miR-155-5p","CDC73","0","0","0","0","0","0","1","0","1","1"
"MIRT020707","hsa","hsa","hsa-miR-155-5p","TRIO","0","0","0","0","0","0","1","0","1","1"
"MIRT020708","hsa","hsa","hsa-miR-155-5p","PAXBP1","0","0","0","0","1","0","1","1","3","4"
"MIRT020709","hsa","hsa","hsa-miR-155-5p","TSPAN14","1","0","0","0","1","0","1","0","3","2"
"MIRT020710","hsa","hsa","hsa-miR-155-5p","INTS6","1","0","0","0","0","0","1","0","2","1"
"MIRT020711","hsa","hsa","hsa-miR-155-5p","YWHAZ","1","0","0","0","1","0","1","0","3","2"
"MIRT020712","hsa","hsa","hsa-miR-155-5p","PRKAR1A","1","0","0","0","0","0","1","0","2","1"
"MIRT020713","hsa","hsa","hsa-miR-155-5p","SSX2IP","1","0","0","0","0","0","1","0","2","1"
"MIRT020714","hsa","hsa","hsa-miR-155-5p","FAM199X","1","0","0","0","1","0","1","0","3","2"
"MIRT020715","hsa","hsa","hsa-miR-155-5p","RAC1","1","0","0","0","1","0","1","0","3","2"
"MIRT020716","hsa","hsa","hsa-miR-155-5p","PLS1","1","0","0","0","0","0","1","0","2","1"
"MIRT020717","hsa","hsa","hsa-miR-155-5p","SAP30L","1","0","0","0","0","0","1","0","2","1"
"MIRT020718","hsa","hsa","hsa-miR-155-5p","MRPS27","1","0","0","0","1","0","1","0","3","3"
"MIRT020719","hsa","hsa","hsa-miR-155-5p","TNFAIP2","0","0","0","0","0","0","1","0","1","1"
"MIRT020720","hsa","hsa","hsa-miR-155-5p","JUNB","0","0","0","0","0","0","1","0","1","1"
"MIRT020721","hsa","hsa","hsa-miR-155-5p","SPCS1","0","0","0","0","0","0","1","0","1","1"
"MIRT020722","hsa","hsa","hsa-miR-155-5p","CTNNA1","0","0","0","0","0","0","1","0","1","1"
"MIRT020723","hsa","hsa","hsa-miR-155-5p","ASNS","0","0","0","0","0","0","1","0","1","1"
"MIRT020724","hsa","hsa","hsa-miR-155-5p","H2AFY","0","0","0","0","0","0","1","0","1","1"
"MIRT020725","hsa","hsa","hsa-miR-155-5p","NR3C1","0","0","0","0","0","0","1","0","1","1"
"MIRT020726","hsa","hsa","hsa-miR-155-5p","AXL","0","0","0","0","0","0","1","0","1","1"
"MIRT020727","hsa","hsa","hsa-miR-155-5p","RING1","0","0","0","0","0","0","1","0","1","1"
"MIRT020728","hsa","hsa","hsa-miR-155-5p","CLTA","0","0","0","0","0","0","1","0","1","1"
"MIRT020729","hsa","hsa","hsa-miR-155-5p","COL4A2","0","0","0","0","0","0","1","0","1","1"
"MIRT020730","hsa","hsa","hsa-miR-155-5p","CNNM3","0","0","0","0","0","0","1","0","1","1"
"MIRT020731","hsa","hsa","hsa-miR-155-5p","CTNNBL1","0","0","0","0","0","0","1","0","1","1"
"MIRT020732","hsa","hsa","hsa-miR-155-5p","RQCD1","0","0","0","0","0","0","1","0","1","1"
"MIRT020733","hsa","hsa","hsa-miR-155-5p","ATL2","0","0","0","0","0","0","1","0","1","1"
"MIRT020734","hsa","hsa","hsa-miR-155-5p","CDK5","0","0","0","0","0","0","1","0","1","1"
"MIRT020735","hsa","hsa","hsa-miR-155-5p","PPP2R2A","0","0","0","0","0","0","1","0","1","1"
"MIRT020736","hsa","hsa","hsa-miR-155-5p","THOC7","0","0","0","0","0","0","1","0","1","1"
"MIRT020737","hsa","hsa","hsa-miR-155-5p","DNMT1","0","0","0","0","0","0","1","0","1","1"
"MIRT020738","hsa","hsa","hsa-miR-155-5p","MRPL16","0","0","0","0","0","0","1","0","1","1"
"MIRT020739","hsa","hsa","hsa-miR-155-5p","RAB6C","0","0","0","0","0","0","1","0","1","1"
"MIRT020740","hsa","hsa","hsa-miR-155-5p","HAX1","0","0","0","0","0","0","1","0","1","1"
"MIRT020741","hsa","hsa","hsa-miR-155-5p","ABHD16A","0","0","0","0","0","0","1","0","1","1"
"MIRT020742","hsa","hsa","hsa-miR-155-5p","ASB6","0","0","0","0","0","0","1","0","1","1"
"MIRT020743","hsa","hsa","hsa-miR-155-5p","GPAM","0","0","0","0","0","0","1","0","1","1"
"MIRT020744","hsa","hsa","hsa-miR-155-5p","CECR5","0","0","0","0","0","0","1","0","1","1"
"MIRT020745","hsa","hsa","hsa-miR-155-5p","WDR11","0","0","0","0","0","0","1","0","1","1"
"MIRT020746","hsa","hsa","hsa-miR-155-5p","NMD3","0","0","0","0","0","0","1","0","1","1"
"MIRT020747","hsa","hsa","hsa-miR-155-5p","IGF2R","0","0","0","0","0","0","1","0","1","1"
"MIRT020748","hsa","hsa","hsa-miR-155-5p","ACOT7","0","0","0","0","0","0","1","0","1","1"
"MIRT020749","hsa","hsa","hsa-miR-155-5p","RRAGA","0","0","0","0","0","0","1","0","1","1"
"MIRT020750","hsa","hsa","hsa-miR-155-5p","INTS7","0","0","0","0","0","0","1","0","1","1"
"MIRT020751","hsa","hsa","hsa-miR-155-5p","YARS","0","0","0","0","0","0","1","0","1","1"
"MIRT020752","hsa","hsa","hsa-miR-155-5p","FLNB","0","0","0","0","0","0","1","0","1","1"
"MIRT020753","hsa","hsa","hsa-miR-155-5p","CORO1B","0","0","0","0","0","0","1","0","1","1"
"MIRT020754","hsa","hsa","hsa-miR-155-5p","SUPT5H","0","0","0","0","0","0","1","0","1","1"
"MIRT020755","hsa","hsa","hsa-miR-155-5p","KANK2","0","0","0","0","0","0","1","0","1","1"
"MIRT020756","hsa","hsa","hsa-miR-155-5p","DIAPH3","0","0","0","0","0","0","1","0","1","1"
"MIRT020757","hsa","hsa","hsa-miR-155-5p","FASTKD1","0","0","0","0","0","0","1","0","1","1"
"MIRT020758","hsa","hsa","hsa-miR-155-5p","NSA2","0","0","0","0","0","0","1","0","1","1"
"MIRT020759","hsa","hsa","hsa-miR-155-5p","FMNL3","0","0","0","0","0","0","1","0","1","1"
"MIRT020760","hsa","hsa","hsa-miR-155-5p","CHTOP","0","0","0","0","0","0","1","0","1","1"
"MIRT020761","hsa","hsa","hsa-miR-155-5p","STRBP","0","0","0","0","0","0","1","0","1","1"
"MIRT020762","hsa","hsa","hsa-miR-155-5p","MARCKS","0","0","0","0","0","0","1","0","1","1"
"MIRT020763","hsa","hsa","hsa-miR-155-5p","POLR1B","0","0","0","0","0","0","1","0","1","1"
"MIRT020764","hsa","hsa","hsa-miR-155-5p","FNDC3B","0","0","0","0","0","0","1","0","1","1"
"MIRT020765","hsa","hsa","hsa-miR-155-5p","CD3EAP","0","0","0","0","0","0","1","0","1","1"
"MIRT020766","hsa","hsa","hsa-miR-155-5p","PSAT1","0","0","0","0","0","0","1","0","1","1"
"MIRT020767","hsa","hsa","hsa-miR-155-5p","COPS3","0","0","0","0","0","0","1","0","1","1"
"MIRT020768","hsa","hsa","hsa-miR-155-5p","DEGS1","0","0","0","0","0","0","1","0","1","1"
"MIRT020769","hsa","hsa","hsa-miR-155-5p","OXCT1","0","0","0","0","0","0","1","0","1","1"
"MIRT020770","hsa","hsa","hsa-miR-155-5p","PDK1","0","0","0","0","1","0","1","0","2","2"
"MIRT020771","hsa","hsa","hsa-miR-155-5p","EIF3A","0","0","0","0","0","0","1","0","1","1"
"MIRT020772","hsa","hsa","hsa-miR-155-5p","GMPS","0","0","0","0","0","0","1","0","1","1"
"MIRT020773","hsa","hsa","hsa-miR-155-5p","OLR1","0","1","0","0","0","0","0","0","1","1"
"MIRT020774","hsa","hsa","hsa-miR-155-5p","SMAD4","0","1","0","0","0","0","0","0","1","1"
"MIRT020775","hsa","hsa","hsa-miR-155-5p","CD68","0","1","0","0","0","0","0","0","1","1"
"MIRT020776","hsa","hsa","hsa-miR-155-5p","FLT1","0","0","1","0","0","0","0","0","1","1"
"MIRT020777","hsa","hsa","hsa-miR-155-5p","CEP41","1","0","0","0","0","0","1","0","2","1"
"MIRT020778","hsa","hsa","hsa-miR-155-5p","CIAPIN1","1","0","0","0","1","0","1","0","3","2"
"MIRT020779","hsa","hsa","hsa-miR-155-5p","CCDC82","1","0","0","0","1","0","1","0","3","2"
"MIRT020780","hsa","hsa","hsa-miR-155-5p","ACTR2","1","0","0","0","0","0","1","0","2","1"
"MIRT020781","hsa","hsa","hsa-miR-155-5p","TRAK1","1","0","0","0","0","0","1","0","2","1"
"MIRT020782","hsa","hsa","hsa-miR-155-5p","CYP2U1","1","0","0","0","0","0","1","0","2","1"
"MIRT020783","hsa","hsa","hsa-miR-155-5p","SLC35F2","1","0","0","0","1","0","1","0","3","2"
"MIRT020784","hsa","hsa","hsa-miR-155-5p","ZNF493","1","0","0","0","0","0","1","0","2","1"
"MIRT020785","hsa","hsa","hsa-miR-155-5p","HAL","1","0","0","0","0","0","1","0","2","1"
"MIRT020786","hsa","hsa","hsa-miR-155-5p","IL17RB","1","0","0","0","0","0","1","0","2","1"
"MIRT020787","hsa","hsa","hsa-miR-155-5p","TBC1D14","1","0","0","0","1","0","1","0","3","2"
"MIRT020788","hsa","hsa","hsa-miR-155-5p","ZNF254","1","0","0","0","1","0","1","0","3","2"
"MIRT020789","hsa","hsa","hsa-miR-155-5p","GABARAPL1","1","0","0","0","0","0","1","0","2","1"
"MIRT020790","hsa","hsa","hsa-miR-155-5p","IGJ","1","0","0","0","1","0","1","0","3","2"
"MIRT020791","hsa","hsa","hsa-miR-155-5p","RAPGEF2","1","0","0","0","0","0","1","0","2","1"
"MIRT020792","hsa","hsa","hsa-miR-155-5p","WBP1L","1","0","0","0","0","0","1","0","2","1"
"MIRT020793","hsa","hsa","hsa-miR-155-5p","PBRM1","1","0","0","0","0","0","1","0","2","2"
"MIRT020794","hsa","hsa","hsa-miR-155-5p","ABCC4","0","0","0","0","0","0","1","0","1","1"
"MIRT020795","hsa","hsa","hsa-miR-155-5p","SPECC1","0","0","0","0","0","0","1","0","1","1"
"MIRT020796","hsa","hsa","hsa-miR-155-5p","MAT2B","0","0","0","0","0","0","1","0","1","1"
"MIRT020797","hsa","hsa","hsa-miR-155-5p","TFPI","0","0","0","0","0","0","1","0","1","1"
"MIRT020798","hsa","hsa","hsa-miR-155-5p","EXOC3","0","0","0","0","0","0","1","0","1","1"
"MIRT020799","hsa","hsa","hsa-miR-155-5p","PFDN4","0","0","0","0","0","0","1","0","1","1"
"MIRT020800","hsa","hsa","hsa-miR-155-5p","HK2","0","0","0","0","0","0","1","0","1","1"
"MIRT020801","hsa","hsa","hsa-miR-155-5p","TYSND1","0","0","0","0","0","0","1","0","1","1"
"MIRT020802","hsa","hsa","hsa-miR-155-5p","C12orf10","0","0","0","0","0","0","1","0","1","1"
"MIRT020803","hsa","hsa","hsa-miR-155-5p","CRAT","0","0","0","0","0","0","1","0","1","1"
"MIRT020804","hsa","hsa","hsa-miR-155-5p","PLEKHA5","0","0","0","0","0","0","1","0","1","1"
"MIRT020805","hsa","hsa","hsa-miR-155-5p","PACSIN3","0","0","0","0","0","0","1","0","1","1"
"MIRT020806","hsa","hsa","hsa-miR-155-5p","F5","0","0","0","0","0","0","1","0","1","1"
"MIRT020807","hsa","hsa","hsa-miR-155-5p","SMARCE1","0","0","0","0","0","0","1","0","1","1"
"MIRT020808","hsa","hsa","hsa-miR-155-5p","CD81","0","0","0","0","0","0","1","0","1","1"
"MIRT020809","hsa","hsa","hsa-miR-155-5p","VAV2","0","0","0","0","0","0","1","0","1","1"
"MIRT020810","hsa","hsa","hsa-miR-155-5p","SLC7A1","0","0","0","0","0","0","1","0","1","1"
"MIRT020811","hsa","hsa","hsa-miR-155-5p","OBSCN","0","0","0","0","0","0","1","0","1","1"
"MIRT020812","hsa","hsa","hsa-miR-155-5p","MAVS","0","0","0","0","0","0","1","0","1","1"
"MIRT020813","hsa","hsa","hsa-miR-155-5p","DMD","0","0","0","0","0","0","1","0","1","1"
"MIRT020814","hsa","hsa","hsa-miR-155-5p","CARS2","0","0","0","0","0","0","1","0","1","1"
"MIRT020815","hsa","hsa","hsa-miR-155-5p","SLC12A4","0","0","0","0","0","0","1","0","1","1"
"MIRT020816","hsa","hsa","hsa-miR-155-5p","MRPS34","0","0","0","0","0","0","1","0","1","1"
"MIRT020817","hsa","hsa","hsa-miR-155-5p","B4GALT1","0","0","0","0","0","0","1","0","1","1"
"MIRT020818","hsa","hsa","hsa-miR-155-5p","KDELC1","0","0","0","0","0","0","1","0","1","1"
"MIRT020819","hsa","hsa","hsa-miR-155-5p","PDCD10","0","0","0","0","0","0","1","0","1","1"
"MIRT020820","hsa","hsa","hsa-miR-155-5p","NCAPD2","0","0","0","0","0","0","1","0","1","1"
"MIRT020821","hsa","hsa","hsa-miR-155-5p","UBA2","0","0","0","0","0","0","1","0","1","1"
"MIRT020822","hsa","hsa","hsa-miR-155-5p","ALDH5A1","0","0","0","0","0","0","1","0","1","1"
"MIRT020823","hsa","hsa","hsa-miR-155-5p","FUBP3","0","0","0","0","0","0","1","0","1","1"
"MIRT020824","hsa","hsa","hsa-miR-155-5p","MYO6","0","0","0","0","0","0","1","0","1","1"
"MIRT020825","hsa","hsa","hsa-miR-155-5p","NAA50","0","0","0","0","0","0","1","0","1","1"
"MIRT020826","hsa","hsa","hsa-miR-155-5p","MARC2","0","0","0","0","0","0","1","0","1","1"
"MIRT020827","hsa","hsa","hsa-miR-155-5p","RIOK2","0","0","0","0","0","0","1","0","1","1"
"MIRT020828","hsa","hsa","hsa-miR-155-5p","OSBPL9","0","0","0","0","0","0","1","0","1","1"
"MIRT020829","hsa","hsa","hsa-miR-155-5p","DDX10","0","0","0","0","0","0","1","0","1","1"
"MIRT020830","hsa","hsa","hsa-miR-155-5p","ATXN10","0","0","0","0","0","0","1","0","1","1"
"MIRT020831","hsa","hsa","hsa-miR-155-5p","RAB30","0","0","0","0","1","0","1","1","3","3"
"MIRT020832","hsa","hsa","hsa-miR-155-5p","DEK","0","0","0","0","0","0","1","0","1","1"
"MIRT020833","hsa","hsa","hsa-miR-155-5p","PHF6","0","0","0","0","0","0","1","0","1","1"
"MIRT020834","hsa","hsa","hsa-miR-155-5p","ARL8B","0","0","0","0","0","0","1","0","1","1"
"MIRT020835","hsa","hsa","hsa-miR-155-5p","LEMD3","0","0","0","0","0","0","1","0","1","1"
"MIRT020836","hsa","hsa","hsa-miR-155-5p","ZNF207","0","0","0","0","0","0","1","0","1","1"
"MIRT020837","hsa","hsa","hsa-miR-155-5p","CSE1L","0","0","0","0","0","0","1","0","1","1"
"MIRT020838","hsa","hsa","hsa-miR-155-5p","CPT1A","0","0","0","0","0","0","1","0","1","1"
"MIRT020839","hsa","hsa","hsa-miR-155-5p","TTC37","0","0","0","0","0","0","1","0","1","1"
"MIRT020840","hsa","hsa","hsa-miR-155-5p","MAN1A2","0","0","0","0","0","0","1","0","1","1"
"MIRT020841","hsa","hsa","hsa-miR-155-5p","RICTOR","0","0","0","0","0","0","1","0","1","1"
"MIRT020842","hsa","hsa","hsa-miR-155-5p","IMPAD1","0","0","0","0","0","0","1","0","1","1"
"MIRT020843","hsa","hsa","hsa-miR-155-5p","VPS4B","0","0","0","0","0","0","1","0","1","1"
"MIRT020844","hsa","hsa","hsa-miR-155-5p","CLINT1","0","0","0","0","0","0","1","0","1","1"
"MIRT020845","hsa","hsa","hsa-miR-155-5p","XAF1","0","0","0","0","0","0","1","0","1","1"
"MIRT020846","hsa","hsa","hsa-miR-155-5p","UBQLN2","0","0","0","0","0","0","1","0","1","1"
"MIRT020847","hsa","hsa","hsa-miR-155-5p","RIF1","0","0","0","0","0","0","1","0","1","1"
"MIRT020848","hsa","hsa","hsa-miR-155-5p","PNPT1","0","0","0","0","0","0","1","0","1","1"
"MIRT020849","hsa","hsa","hsa-miR-155-5p","MRPL18","1","0","0","0","0","0","1","0","2","1"
"MIRT020850","hsa","hsa","hsa-miR-155-5p","MAP3K14","1","0","0","0","1","0","0","0","2","2"
"MIRT020851","hsa","hsa","hsa-miR-155-5p","ARMC2","1","0","0","0","0","0","1","0","2","1"
"MIRT020852","hsa","hsa","hsa-miR-155-5p","LCORL","1","0","0","0","1","0","1","0","3","2"
"MIRT020853","hsa","hsa","hsa-miR-155-5p","APAF1","1","0","0","0","0","0","1","0","2","1"
"MIRT020854","hsa","hsa","hsa-miR-155-5p","MPP5","1","0","0","0","1","0","1","0","3","2"
"MIRT020855","hsa","hsa","hsa-miR-155-5p","RAB11FIP2","1","0","0","0","1","0","1","1","4","3"
"MIRT020856","hsa","hsa","hsa-miR-155-5p","NOVA1","1","0","0","0","0","0","1","0","2","1"
"MIRT020857","hsa","hsa","hsa-miR-155-5p","RBAK","1","0","1","1","0","0","1","0","4","2"
"MIRT020858","hsa","hsa","hsa-miR-155-5p","ARL15","1","0","0","0","0","0","1","0","2","2"
"MIRT020859","hsa","hsa","hsa-miR-155-5p","MYO1D","1","0","0","0","0","0","1","0","2","1"
"MIRT020860","hsa","hsa","hsa-miR-155-5p","LRRC59","1","0","0","0","1","0","1","0","3","3"
"MIRT020861","hsa","hsa","hsa-miR-155-5p","CMSS1","0","0","0","0","0","0","1","0","1","1"
"MIRT020862","hsa","hsa","hsa-miR-155-5p","LONP2","0","0","0","0","0","0","1","0","1","1"
"MIRT020863","hsa","hsa","hsa-miR-155-5p","MUS81","0","0","0","0","0","0","1","0","1","1"
"MIRT020864","hsa","hsa","hsa-miR-155-5p","ITGB4","0","0","0","0","0","0","1","0","1","1"
"MIRT020865","hsa","hsa","hsa-miR-155-5p","DDB2","0","0","0","0","0","0","1","0","1","1"
"MIRT020866","hsa","hsa","hsa-miR-155-5p","CAT","0","0","0","0","0","0","1","0","1","1"
"MIRT020867","hsa","hsa","hsa-miR-155-5p","ATPAF1","0","0","0","0","0","0","1","0","1","1"
"MIRT020868","hsa","hsa","hsa-miR-155-5p","TPBG","0","0","0","0","0","0","1","0","1","1"
"MIRT020869","hsa","hsa","hsa-miR-155-5p","INTS4","0","0","0","0","0","0","1","0","1","1"
"MIRT020870","hsa","hsa","hsa-miR-155-5p","TIMM8A","0","0","0","0","0","0","1","0","1","1"
"MIRT020871","hsa","hsa","hsa-miR-155-5p","RBM22","0","0","0","0","0","0","1","0","1","1"
"MIRT020872","hsa","hsa","hsa-miR-155-5p","MTFMT","0","0","0","0","0","0","1","0","1","1"
"MIRT020873","hsa","hsa","hsa-miR-155-5p","WRB","0","0","0","0","0","0","1","0","1","1"
"MIRT020874","hsa","hsa","hsa-miR-155-5p","DDRGK1","0","0","0","0","0","0","1","0","1","1"
"MIRT020875","hsa","hsa","hsa-miR-155-5p","GMPPA","0","0","0","0","0","0","1","0","1","1"
"MIRT020876","hsa","hsa","hsa-miR-155-5p","EEF1A2","0","0","0","0","0","0","1","0","1","1"
"MIRT020877","hsa","hsa","hsa-miR-155-5p","RDH13","0","0","0","0","0","0","1","0","1","1"
"MIRT020878","hsa","hsa","hsa-miR-155-5p","CLTC","0","0","0","0","0","0","1","0","1","1"
"MIRT020879","hsa","hsa","hsa-miR-155-5p","NOTCH2","0","0","0","0","0","0","1","0","1","1"
"MIRT020880","hsa","hsa","hsa-miR-155-5p","CARS","0","0","0","0","0","0","1","0","1","1"
"MIRT020881","hsa","hsa","hsa-miR-155-5p","PTMS","0","0","0","0","0","0","1","0","1","1"
"MIRT020882","hsa","hsa","hsa-miR-155-5p","CSNK1A1L","0","0","0","0","0","0","1","0","1","1"
"MIRT020883","hsa","hsa","hsa-miR-155-5p","LUC7L3","0","0","0","0","0","0","1","0","1","1"
"MIRT020884","hsa","hsa","hsa-miR-155-5p","TJP1","0","0","0","0","0","0","1","0","1","1"
"MIRT020885","hsa","hsa","hsa-miR-155-5p","FDFT1","0","0","0","0","0","0","1","0","1","1"
"MIRT020886","hsa","hsa","hsa-miR-155-5p","CDKN2A","0","0","0","0","0","0","1","0","1","1"
"MIRT020887","hsa","hsa","hsa-miR-155-5p","AKR1C3","0","0","0","0","0","0","1","0","1","1"
"MIRT020888","hsa","hsa","hsa-miR-155-5p","PNPLA8","0","0","0","0","0","0","1","0","1","1"
"MIRT020889","hsa","hsa","hsa-miR-155-5p","S100A11","0","0","0","0","0","0","1","0","1","1"
"MIRT020890","hsa","hsa","hsa-miR-155-5p","IER3IP1","0","0","0","0","0","0","1","0","1","1"
"MIRT020891","hsa","hsa","hsa-miR-155-5p","FSTL1","0","0","0","0","0","0","1","0","1","1"
"MIRT020892","hsa","hsa","hsa-miR-155-5p","SLC38A5","0","0","0","0","0","0","1","0","1","1"
"MIRT020893","hsa","hsa","hsa-miR-155-5p","ATP6V1H","0","0","0","0","0","0","1","0","1","1"
"MIRT020894","hsa","hsa","hsa-miR-155-5p","ITGB5","0","0","0","0","0","0","1","0","1","1"
"MIRT020895","hsa","hsa","hsa-miR-155-5p","SRSF2","0","0","0","0","0","0","1","0","1","1"
"MIRT020896","hsa","hsa","hsa-miR-155-5p","SLC7A11","0","0","0","0","0","0","1","0","1","1"
"MIRT020897","hsa","hsa","hsa-miR-155-5p","ANXA2","1","1","1","1","0","0","1","0","5","2"
"MIRT020898","hsa","hsa","hsa-miR-155-5p","DDX17","0","0","0","0","0","0","1","0","1","1"
"MIRT020899","hsa","hsa","hsa-miR-155-5p","RAB2A","0","0","0","0","0","0","1","0","1","1"
"MIRT020900","hsa","hsa","hsa-miR-155-5p","FOXK1","0","0","0","0","0","0","1","0","1","1"
"MIRT020901","hsa","hsa","hsa-miR-155-5p","TMOD3","0","0","0","0","0","0","1","0","1","1"
"MIRT020902","hsa","hsa","hsa-miR-155-5p","PSME4","0","0","0","0","0","0","1","0","1","1"
"MIRT020903","hsa","hsa","hsa-miR-155-5p","ZNF384","0","0","0","0","0","0","1","0","1","1"
"MIRT020904","hsa","hsa","hsa-miR-155-5p","GNAS","0","0","0","0","1","0","1","0","2","2"
"MIRT020905","hsa","hsa","hsa-miR-155-5p","SNTB2","0","0","0","0","0","0","1","0","1","1"
"MIRT020906","hsa","hsa","hsa-miR-155-5p","TMTC3","0","0","0","0","0","0","1","0","1","1"
"MIRT020907","hsa","hsa","hsa-miR-155-5p","SLC30A7","0","0","0","0","0","0","1","0","1","1"
"MIRT020908","hsa","hsa","hsa-miR-155-5p","ASPH","0","0","0","0","0","0","1","0","1","1"
"MIRT020909","hsa","hsa","hsa-miR-155-5p","INTS8","0","0","0","0","0","0","1","0","1","1"
"MIRT020910","hsa","hsa","hsa-miR-155-5p","CPD","0","0","0","0","0","0","1","0","1","1"
"MIRT020911","hsa","hsa","hsa-miR-155-5p","EGFR","1","1","1","1","0","0","1","0","5","1"
"MIRT020912","hsa","hsa","hsa-miR-155-5p","SRPK2","0","0","0","0","0","0","1","0","1","1"
"MIRT020913","hsa","hsa","hsa-miR-155-5p","STAG2","0","0","0","0","0","0","1","0","1","1"
"MIRT020914","hsa","hsa","hsa-miR-155-5p","IRF2BP2","0","0","0","0","1","0","1","0","2","2"
"MIRT020915","hsa","hsa","hsa-miR-155-5p","TPRKB","0","0","0","0","1","0","1","0","2","2"
"MIRT020916","hsa","hsa","hsa-miR-155-5p","VPS36","0","0","0","0","1","0","1","0","2","2"
"MIRT020917","hsa","hsa","hsa-miR-155-5p","VCAM1","0","0","1","0","0","0","0","0","1","1"
"MIRT020918","hsa","hsa","hsa-miR-155-5p","SMAD3","0","1","0","0","0","0","0","0","1","1"
"MIRT020919","hsa","hsa","hsa-miR-155-5p","TTF1","1","0","0","0","0","0","1","0","2","1"
"MIRT020920","hsa","hsa","hsa-miR-155-5p","FAM91A1","1","0","0","0","0","0","1","0","2","1"
"MIRT020921","hsa","hsa","hsa-miR-155-5p","CCDC41","1","0","0","0","0","0","1","0","2","1"
"MIRT020922","hsa","hsa","hsa-miR-155-5p","KIAA0430","1","0","0","0","1","0","1","0","3","2"
"MIRT020923","hsa","hsa","hsa-miR-155-5p","CDC40","1","0","0","0","0","0","1","0","2","1"
"MIRT020924","hsa","hsa","hsa-miR-155-5p","DCUN1D2","1","0","0","0","0","0","1","0","2","1"
"MIRT020925","hsa","hsa","hsa-miR-155-5p","KLHL5","1","0","0","0","0","0","1","0","2","1"
"MIRT020926","hsa","hsa","hsa-miR-155-5p","AGO4","1","0","0","0","0","0","1","0","2","1"
"MIRT020927","hsa","hsa","hsa-miR-155-5p","HBP1","1","1","1","0","0","0","1","0","4","2"
"MIRT020928","hsa","hsa","hsa-miR-155-5p","WWC1","1","0","0","0","1","0","1","0","3","2"
"MIRT020929","hsa","hsa","hsa-miR-155-5p","WEE1","1","0","0","1","0","0","1","0","3","2"
"MIRT020930","hsa","hsa","hsa-miR-155-5p","GOLT1B","1","0","0","0","0","0","1","0","2","2"
"MIRT020931","hsa","hsa","hsa-miR-155-5p","PALD1","1","0","0","0","0","0","1","0","2","2"
"MIRT020932","hsa","hsa","hsa-miR-155-5p","THBS1","0","0","0","0","0","0","1","0","1","1"
"MIRT020933","hsa","hsa","hsa-miR-155-5p","PPAT","0","0","0","0","0","0","1","0","1","1"
"MIRT020934","hsa","hsa","hsa-miR-155-5p","DBN1","0","0","0","0","0","0","1","0","1","1"
"MIRT020935","hsa","hsa","hsa-miR-155-5p","ATAD2","0","0","0","0","0","0","1","0","1","1"
"MIRT020936","hsa","hsa","hsa-miR-155-5p","DHCR24","0","0","0","0","0","0","1","0","1","1"
"MIRT020937","hsa","hsa","hsa-miR-155-5p","HSD17B7","0","0","0","0","0","0","1","0","1","1"
"MIRT020938","hsa","hsa","hsa-miR-155-5p","NSUN5","0","0","0","0","0","0","1","0","1","1"
"MIRT020939","hsa","hsa","hsa-miR-155-5p","TPP2","0","0","0","0","0","0","1","0","1","1"
"MIRT020940","hsa","hsa","hsa-miR-155-5p","UAP1","0","0","0","0","0","0","1","0","1","1"
"MIRT020941","hsa","hsa","hsa-miR-155-5p","MYO19","0","0","0","0","0","0","1","0","1","1"
"MIRT020942","hsa","hsa","hsa-miR-155-5p","OXNAD1","0","0","0","0","0","0","1","0","1","1"
"MIRT020943","hsa","hsa","hsa-miR-155-5p","SSSCA1","0","0","0","0","0","0","1","0","1","1"
"MIRT020944","hsa","hsa","hsa-miR-155-5p","EEF1E1","0","0","0","0","0","0","1","0","1","1"
"MIRT020945","hsa","hsa","hsa-miR-155-5p","PHGDH","0","0","0","0","0","0","1","0","1","1"
"MIRT020946","hsa","hsa","hsa-miR-155-5p","CCND1","1","1","0","0","0","0","1","0","3","2"
"MIRT020947","hsa","hsa","hsa-miR-155-5p","ALDH3A2","0","0","0","0","0","0","1","0","1","1"
"MIRT020948","hsa","hsa","hsa-miR-155-5p","CDK2","0","0","0","0","0","0","1","0","1","1"
"MIRT020949","hsa","hsa","hsa-miR-155-5p","SGPL1","0","0","0","0","0","0","1","0","1","1"
"MIRT020950","hsa","hsa","hsa-miR-155-5p","PCK2","0","0","0","0","0","0","1","0","1","1"
"MIRT020951","hsa","hsa","hsa-miR-155-5p","NDNL2","0","0","0","0","0","0","1","0","1","1"
"MIRT020952","hsa","hsa","hsa-miR-155-5p","TSPAN3","0","0","0","0","0","0","1","0","1","1"
"MIRT020953","hsa","hsa","hsa-miR-155-5p","MARS","0","0","0","0","0","0","1","0","1","1"
"MIRT020954","hsa","hsa","hsa-miR-155-5p","CYB5A","0","0","0","0","0","0","1","0","1","1"
"MIRT020955","hsa","hsa","hsa-miR-155-5p","ANPEP","0","0","0","0","0","0","1","0","1","1"
"MIRT020956","hsa","hsa","hsa-miR-155-5p","PSME3","0","0","0","0","0","0","1","0","1","1"
"MIRT020957","hsa","hsa","hsa-miR-155-5p","LRRC8D","0","0","0","0","0","0","1","0","1","1"
"MIRT020958","hsa","hsa","hsa-miR-155-5p","AGRN","0","0","0","0","0","0","1","0","1","1"
"MIRT020959","hsa","hsa","hsa-miR-155-5p","TMEM41A","0","0","0","0","0","0","1","0","1","1"
"MIRT020960","hsa","hsa","hsa-miR-155-5p","EEFSEC","0","0","0","0","0","0","1","0","1","1"
"MIRT020961","hsa","hsa","hsa-miR-155-5p","EML4","0","0","0","0","0","0","1","0","1","1"
"MIRT020962","hsa","hsa","hsa-miR-155-5p","GNL3L","0","0","0","0","0","0","1","0","1","1"
"MIRT020963","hsa","hsa","hsa-miR-155-5p","VANGL1","0","0","0","0","0","0","1","0","1","1"
"MIRT020964","hsa","hsa","hsa-miR-155-5p","RTFDC1","0","0","0","0","0","0","1","0","1","1"
"MIRT020965","hsa","hsa","hsa-miR-155-5p","WNT5A","0","0","0","0","0","0","1","0","1","1"
"MIRT020966","hsa","hsa","hsa-miR-155-5p","TMEM167A","0","0","0","0","0","0","1","0","1","1"
"MIRT020967","hsa","hsa","hsa-miR-155-5p","CLIC4","0","0","0","0","0","0","1","0","1","1"
"MIRT020968","hsa","hsa","hsa-miR-155-5p","MEST","0","0","0","0","0","0","1","0","1","1"
"MIRT020969","hsa","hsa","hsa-miR-155-5p","TRIM24","0","0","0","0","0","0","1","0","1","1"
"MIRT020970","hsa","hsa","hsa-miR-155-5p","CDH6","0","0","0","0","0","0","1","0","1","1"
"MIRT020971","hsa","hsa","hsa-miR-155-5p","MMS22L","0","0","0","0","0","0","1","0","1","1"
"MIRT020972","hsa","hsa","hsa-miR-155-5p","SKIV2L2","0","0","0","0","0","0","1","0","1","1"
"MIRT020973","hsa","hsa","hsa-miR-155-5p","CCR9","0","0","0","0","0","0","1","0","1","2"
"MIRT020974","hsa","hsa","hsa-miR-155-5p","DR1","0","0","0","0","0","0","1","0","1","1"
"MIRT020975","hsa","hsa","hsa-miR-155-5p","RSF1","0","0","0","0","0","0","1","0","1","1"
"MIRT020976","hsa","hsa","hsa-miR-155-5p","ANTXR1","0","0","0","0","0","0","1","0","1","2"
"MIRT020977","hsa","hsa","hsa-miR-155-5p","SEPT11","0","0","0","0","0","0","1","0","1","2"
"MIRT020978","hsa","hsa","hsa-miR-155-5p","HNRNPA3","0","0","0","0","0","0","1","0","1","3"
"MIRT020979","hsa","hsa","hsa-miR-155-5p","IL8","0","1","0","0","0","0","0","0","1","1"
"MIRT020980","hsa","hsa","hsa-miR-155-5p","ZNF83","1","0","0","0","0","0","1","0","2","1"
"MIRT020981","hsa","hsa","hsa-miR-155-5p","PHF14","1","0","0","0","0","0","1","0","2","1"
"MIRT020982","hsa","hsa","hsa-miR-155-5p","TBC1D8B","1","0","0","0","0","0","1","0","2","1"
"MIRT020983","hsa","hsa","hsa-miR-155-5p","INPP5F","1","0","0","0","0","0","1","0","2","1"
"MIRT020984","hsa","hsa","hsa-miR-155-5p","ARPC3","1","0","0","0","1","0","1","0","3","2"
"MIRT020985","hsa","hsa","hsa-miR-155-5p","KRCC1","1","0","0","0","0","0","1","0","2","1"
"MIRT020986","hsa","hsa","hsa-miR-155-5p","FAM177A1","1","0","0","0","0","0","1","0","2","1"
"MIRT020987","hsa","hsa","hsa-miR-155-5p","UBTD2","1","0","0","0","0","0","1","0","2","1"
"MIRT020988","hsa","hsa","hsa-miR-155-5p","SECISBP2","1","0","0","0","1","0","1","0","3","2"
"MIRT020989","hsa","hsa","hsa-miR-155-5p","PAK2","1","0","0","0","1","0","1","0","3","2"
"MIRT020990","hsa","hsa","hsa-miR-155-5p","SLC33A1","1","0","0","0","0","0","1","0","2","1"
"MIRT020991","hsa","hsa","hsa-miR-155-5p","ZNF28","1","0","0","0","1","0","1","0","3","2"
"MIRT020992","hsa","hsa","hsa-miR-155-5p","MCM8","1","0","0","0","1","0","1","0","3","2"
"MIRT020993","hsa","hsa","hsa-miR-155-5p","SMARCA4","1","0","0","0","1","0","1","0","3","2"
"MIRT020994","hsa","hsa","hsa-miR-155-5p","TCF12","1","0","0","0","0","0","1","0","2","1"
"MIRT020995","hsa","hsa","hsa-miR-155-5p","TOMM20","1","0","0","0","0","0","1","0","2","1"
"MIRT020996","hsa","hsa","hsa-miR-155-5p","UBQLN1","1","0","0","0","0","0","1","0","2","2"
"MIRT020997","hsa","hsa","hsa-miR-155-5p","KYNU","0","0","0","0","0","0","1","0","1","1"
"MIRT020998","hsa","hsa","hsa-miR-155-5p","PDPR","0","0","0","0","0","0","1","0","1","1"
"MIRT020999","hsa","hsa","hsa-miR-155-5p","MOV10","0","0","0","0","0","0","1","0","1","1"
"MIRT021000","hsa","hsa","hsa-miR-155-5p","FAM120A","0","0","0","0","0","0","1","0","1","1"
"MIRT021001","hsa","hsa","hsa-miR-155-5p","FAM96B","0","0","0","0","0","0","1","0","1","1"
"MIRT021002","hsa","hsa","hsa-miR-155-5p","FKBP3","0","0","0","0","0","0","1","0","1","1"
"MIRT021003","hsa","hsa","hsa-miR-155-5p","STAT3","0","0","0","0","0","0","1","0","1","1"
"MIRT021004","hsa","hsa","hsa-miR-155-5p","NEUROG1","0","0","0","0","0","0","1","0","1","1"
"MIRT021005","hsa","hsa","hsa-miR-155-5p","EPRS","0","0","0","0","0","0","1","0","1","1"
"MIRT021006","hsa","hsa","hsa-miR-155-5p","CDH2","0","0","0","0","0","0","1","0","1","1"
"MIRT021007","hsa","hsa","hsa-miR-155-5p","CDH13","0","0","0","0","0","0","1","0","1","1"
"MIRT021008","hsa","hsa","hsa-miR-155-5p","ATP13A1","0","0","0","0","0","0","1","0","1","1"
"MIRT021009","hsa","hsa","hsa-miR-155-5p","EIF3F","0","0","0","0","0","0","1","0","1","1"
"MIRT021010","hsa","hsa","hsa-miR-155-5p","C14orf1","0","0","0","0","0","0","1","0","1","1"
"MIRT021011","hsa","hsa","hsa-miR-155-5p","NUP62","0","0","0","0","0","0","1","0","1","1"
"MIRT021012","hsa","hsa","hsa-miR-155-5p","GCLC","0","0","0","0","0","0","1","0","1","1"
"MIRT021013","hsa","hsa","hsa-miR-155-5p","NDUFAF2","0","0","0","0","0","0","1","0","1","1"
"MIRT021014","hsa","hsa","hsa-miR-155-5p","LSM3","0","0","0","0","0","0","1","0","1","1"
"MIRT021015","hsa","hsa","hsa-miR-155-5p","HTRA1","0","0","0","0","0","0","1","0","1","1"
"MIRT021016","hsa","hsa","hsa-miR-155-5p","CDK4","0","0","0","0","0","0","1","0","1","1"
"MIRT021017","hsa","hsa","hsa-miR-155-5p","EPB41L2","0","0","0","0","0","0","1","0","1","1"
"MIRT021018","hsa","hsa","hsa-miR-155-5p","COG2","0","0","0","0","0","0","1","0","1","1"
"MIRT021019","hsa","hsa","hsa-miR-155-5p","CCT2","0","0","0","0","1","0","1","1","3","7"
"MIRT021020","hsa","hsa","hsa-miR-155-5p","NUCKS1","0","0","0","0","0","0","1","0","1","1"
"MIRT021021","hsa","hsa","hsa-miR-155-5p","CTNND1","0","0","0","0","0","0","1","0","1","1"
"MIRT021022","hsa","hsa","hsa-miR-155-5p","PRSS21","0","0","0","0","0","0","1","0","1","1"
"MIRT021023","hsa","hsa","hsa-miR-155-5p","INTS10","0","0","0","0","0","0","1","0","1","1"
"MIRT021024","hsa","hsa","hsa-miR-155-5p","STX5","0","0","0","0","0","0","1","0","1","1"
"MIRT021025","hsa","hsa","hsa-miR-155-5p","CIAO1","0","0","0","0","0","0","1","0","1","1"
"MIRT021026","hsa","hsa","hsa-miR-155-5p","HSPA13","0","0","0","0","0","0","1","0","1","1"
"MIRT021027","hsa","hsa","hsa-miR-155-5p","GLG1","0","0","0","0","0","0","1","0","1","1"
"MIRT021028","hsa","hsa","hsa-miR-155-5p","TROVE2","0","0","0","0","0","0","1","0","1","1"
"MIRT021029","hsa","hsa","hsa-miR-155-5p","ARGLU1","0","0","0","0","0","0","1","0","1","1"
"MIRT021030","hsa","hsa","hsa-miR-155-5p","CALU","0","0","0","0","1","0","1","0","2","2"
"MIRT021031","hsa","hsa","hsa-miR-155-5p","BRI3BP","0","0","0","0","0","0","1","0","1","1"
"MIRT021032","hsa","hsa","hsa-miR-155-5p","RAD23B","0","0","0","0","0","0","1","0","1","1"
"MIRT021033","hsa","hsa","hsa-miR-155-5p","PYGL","0","0","0","0","0","0","1","0","1","1"
"MIRT021034","hsa","hsa","hsa-miR-155-5p","MRS2","0","0","0","0","0","0","1","0","1","1"
"MIRT021035","hsa","hsa","hsa-miR-155-5p","CLGN","0","0","0","0","0","0","1","0","1","1"
"MIRT021036","hsa","hsa","hsa-miR-155-5p","KIF14","0","0","0","0","0","0","1","0","1","1"
"MIRT021037","hsa","hsa","hsa-miR-155-5p","POLR2C","0","0","0","0","1","0","1","0","2","2"
"MIRT021038","hsa","hsa","hsa-miR-155-5p","TPD52","0","0","0","0","0","0","1","0","1","1"
"MIRT021039","hsa","hsa","hsa-miR-155-5p","MTHFD2","0","0","0","0","0","0","1","0","1","1"
"MIRT021040","hsa","hsa","hsa-miR-155-5p","RNF2","0","0","0","0","0","0","1","0","1","1"
"MIRT021041","hsa","hsa","hsa-miR-155-5p","LTN1","0","0","0","0","0","0","1","0","1","1"
"MIRT021042","hsa","hsa","hsa-miR-155-5p","TMEM33","0","0","0","0","0","0","1","0","1","1"
"MIRT021043","hsa","hsa","hsa-miR-155-5p","TNPO1","0","0","0","0","1","0","1","0","2","2"
"MIRT021044","hsa","hsa","hsa-miR-155-5p","GSK3B","0","0","0","0","0","0","1","0","1","1"
"MIRT021045","hsa","hsa","hsa-miR-155-5p","ADAM10","0","0","0","0","0","0","1","0","1","1"
"MIRT021046","hsa","hsa","hsa-miR-155-5p","ERBB2IP","0","0","0","0","0","0","1","0","1","1"
"MIRT021047","hsa","hsa","hsa-miR-155-5p","CCL2","0","0","0","0","0","0","1","0","1","1"
"MIRT021048","hsa","hsa","hsa-miR-155-5p","NFKB1","1","1","1","0","0","0","1","0","4","2"
"MIRT021049","hsa","hsa","hsa-miR-155-5p","IL6","0","0","0","0","0","0","1","0","1","2"
"MIRT021050","hsa","hsa","hsa-miR-155-5p","CD36","0","0","0","0","0","0","1","0","1","1"
"MIRT021051","hsa","hsa","hsa-miR-155-5p","RREB1","0","0","0","0","0","0","1","0","1","1"
"MIRT021052","hsa","hsa","hsa-miR-155-5p","ZKSCAN5","0","0","0","0","1","0","1","0","2","2"
"MIRT021053","hsa","hsa","hsa-miR-155-5p","ZNF611","0","1","0","0","0","0","0","0","1","1"
"MIRT021054","hsa","hsa","hsa-miR-155-5p","ZNF273","0","0","0","0","0","0","1","0","1","1"
"MIRT021055","hsa","hsa","hsa-miR-155-5p","MED13L","0","0","0","0","0","0","1","0","1","1"
"MIRT021056","hsa","hsa","hsa-miR-155-5p","PDCD4","0","0","0","0","1","0","1","0","2","2"
"MIRT021057","hsa","hsa","hsa-miR-155-5p","VPS18","1","0","0","0","0","0","0","0","1","1"
"MIRT021058","hsa","hsa","hsa-miR-155-5p","WHSC1L1","1","0","0","0","0","0","1","0","2","1"
"MIRT021059","hsa","hsa","hsa-miR-155-5p","MASTL","1","0","0","0","1","0","1","0","3","3"
"MIRT021060","hsa","hsa","hsa-miR-155-5p","MYBL1","1","0","0","0","0","0","1","0","2","2"
"MIRT021061","hsa","hsa","hsa-miR-155-5p","GATM","1","0","0","0","0","0","1","0","2","2"
"MIRT021062","hsa","hsa","hsa-miR-155-5p","E2F2","1","1","1","1","1","0","1","0","6","5"
"MIRT021063","hsa","hsa","hsa-miR-155-5p","FAM135A","1","0","0","0","0","0","1","0","2","2"
"MIRT021064","hsa","hsa","hsa-miR-155-5p","C3orf18","1","1","0","0","0","0","1","0","3","2"
"MIRT021065","hsa","hsa","hsa-miR-155-5p","ARL6IP5","1","0","0","0","1","0","1","0","3","3"
"MIRT053009","hsa","hsa","hsa-miR-155-5p","SHANK2","1","0","1","0","0","0","0","0","2","1"
"MIRT053010","hsa","hsa","hsa-miR-155-5p","SH3PXD2A","1","0","1","0","0","0","0","0","2","1"
"MIRT053013","hsa","hsa","hsa-miR-155-5p","PIK3R1","1","1","1","0","0","0","0","0","3","1"
"MIRT053028","hsa","hsa","hsa-miR-155-5p","VHL","1","0","1","0","0","0","0","0","2","1"
"MIRT053255","hsa","hsa","hsa-miR-155-5p","INADL","0","0","1","1","0","0","0","0","2","1"
"MIRT053318","hsa","hsa","hsa-miR-155-5p","MMP16","1","1","1","0","0","0","0","0","3","1"
"MIRT053434","hsa","hsa","hsa-miR-155-5p","FOS","0","0","0","1","0","0","0","0","1","1"
"MIRT053435","hsa","hsa","hsa-miR-155-5p","MAPK14","1","0","0","1","0","0","0","0","2","2"
"MIRT053436","hsa","hsa","hsa-miR-155-5p","RAPH1","0","0","0","1","0","0","0","0","1","1"
"MIRT053437","hsa","hsa","hsa-miR-155-5p","RAB3B","0","0","0","1","0","0","0","0","1","1"
"MIRT053438","hsa","hsa","hsa-miR-155-5p","KLF9","0","0","0","1","0","0","0","0","1","1"
"MIRT054028","hsa","hsa","hsa-miR-155-5p","MYC","1","1","1","0","0","0","0","0","3","1"
"MIRT054291","hsa","hsa","hsa-miR-155-5p","ITK","0","0","1","0","1","0","0","0","2","1"
"MIRT054292","hsa","hsa","hsa-miR-155-5p","IL2","0","0","1","0","0","0","0","0","1","1"
"MIRT054478","hsa","hsa","hsa-miR-155-5p","SEL1L","1","1","1","0","0","0","0","0","3","1"
"MIRT054619","hsa","hsa","hsa-miR-155-5p","DOCK1","1","1","1","1","0","0","0","0","4","1"
"MIRT054639","hsa","hsa","hsa-miR-155-5p","RAD51","1","1","1","0","0","0","0","0","3","1"
"MIRT054752","hsa","hsa","hsa-miR-155-5p","THRB","1","0","1","0","0","0","0","0","2","1"
"MIRT054759","hsa","hsa","hsa-miR-155-5p","TERF1","1","1","0","0","0","0","0","0","2","1"
"MIRT064906","hsa","hsa","hsa-miR-155-5p","ZBTB18","1","1","1","0","1","0","0","1","5","6"
"MIRT081547","hsa","hsa","hsa-miR-155-5p","ZNF431","0","0","1","1","1","0","0","1","4","6"
"MIRT090527","hsa","hsa","hsa-miR-155-5p","ZBTB38","0","0","0","0","1","0","0","0","1","1"
"MIRT096827","hsa","hsa","hsa-miR-155-5p","ZSWIM6","0","0","0","0","1","0","0","0","1","1"
"MIRT125863","hsa","hsa","hsa-miR-155-5p","ADD3","0","0","0","0","1","0","0","0","1","1"
"MIRT128036","hsa","hsa","hsa-miR-155-5p","S1PR1","0","0","0","0","1","0","0","0","1","1"
"MIRT129282","hsa","hsa","hsa-miR-155-5p","CBL","0","0","0","0","1","0","0","0","1","1"
"MIRT129684","hsa","hsa","hsa-miR-155-5p","AGTRAP","0","0","0","0","1","0","0","0","1","1"
"MIRT132936","hsa","hsa","hsa-miR-155-5p","WNK1","0","0","1","1","0","0","0","0","2","1"
"MIRT133557","hsa","hsa","hsa-miR-155-5p","KCTD3","0","0","0","0","1","0","0","0","1","1"
"MIRT134158","hsa","hsa","hsa-miR-155-5p","KLHL42","0","0","0","0","1","0","0","0","1","1"
"MIRT135364","hsa","hsa","hsa-miR-155-5p","SP1","0","0","0","0","1","0","0","0","1","1"
"MIRT138670","hsa","hsa","hsa-miR-155-5p","CHURC1","0","0","0","0","1","0","0","0","1","1"
"MIRT148501","hsa","hsa","hsa-miR-155-5p","MEX3C","0","0","0","0","1","0","0","0","1","1"
"MIRT149068","hsa","hsa","hsa-miR-155-5p","TWSG1","0","0","0","0","1","0","0","0","1","1"
"MIRT150919","hsa","hsa","hsa-miR-155-5p","ZNF492","0","0","0","0","1","0","0","0","1","1"
"MIRT155511","hsa","hsa","hsa-miR-155-5p","CCNT2","0","0","0","0","1","0","0","0","1","1"
"MIRT161793","hsa","hsa","hsa-miR-155-5p","PIK3CA","0","0","0","0","1","0","0","0","1","1"
"MIRT171395","hsa","hsa","hsa-miR-155-5p","DMTF1","0","0","0","0","1","0","0","0","1","1"
"MIRT172936","hsa","hsa","hsa-miR-155-5p","CHD7","0","0","0","0","1","0","0","0","1","1"
"MIRT175077","hsa","hsa","hsa-miR-155-5p","DCAF10","0","0","0","0","1","0","0","0","1","1"
"MIRT176209","hsa","hsa","hsa-miR-155-5p","DDX3Y","0","0","0","0","1","0","0","0","1","1"
"MIRT199844","hsa","hsa","hsa-miR-155-5p","CSNK1G2","0","0","0","0","1","0","0","1","2","2"
"MIRT200030","hsa","hsa","hsa-miR-155-5p","ZNF714","0","0","1","1","0","0","0","0","2","1"
"MIRT213354","hsa","hsa","hsa-miR-155-5p","TADA2B","0","0","0","0","1","0","0","0","1","1"
"MIRT225315","hsa","hsa","hsa-miR-155-5p","UBXN2B","0","0","0","0","1","0","0","0","1","1"
"MIRT251781","hsa","hsa","hsa-miR-155-5p","ACOX1","0","0","0","0","1","0","0","1","2","2"
"MIRT269686","hsa","hsa","hsa-miR-155-5p","ELK4","0","0","0","0","1","0","0","1","2","2"
"MIRT283487","hsa","hsa","hsa-miR-155-5p","KCTD5","0","0","0","0","1","0","0","0","1","1"
"MIRT376128","hsa","hsa","hsa-miR-155-5p","ANKRD12","0","0","0","0","1","0","0","1","2","2"
"MIRT398178","hsa","hsa","hsa-miR-155-5p","HIF1A","0","1","1","0","0","0","0","0","2","1"
"MIRT400446","hsa","hsa","hsa-miR-155-5p","ZNF148","0","0","0","0","1","0","0","1","2","4"
"MIRT405691","hsa","hsa","hsa-miR-155-5p","NAA16","0","0","0","0","1","0","0","0","1","1"
"MIRT437645","hsa","hsa","hsa-miR-155-5p","ETNK2","0","0","1","1","0","0","0","0","2","1"
"MIRT437646","hsa","hsa","hsa-miR-155-5p","TRPS1","0","0","1","1","0","0","0","0","2","1"
"MIRT437647","hsa","hsa","hsa-miR-155-5p","PEA15","0","0","1","1","0","0","0","0","2","1"
"MIRT437648","hsa","hsa","hsa-miR-155-5p","PTN","0","0","1","1","0","0","0","0","2","1"
"MIRT438018","hsa","hsa","hsa-miR-155-5p","MXI1","1","1","1","0","0","0","0","0","3","1"
"MIRT438883","hsa","hsa","hsa-miR-155-5p","SOCS3","0","0","1","0","0","0","0","0","1","1"
"MIRT439177","hsa","hsa","hsa-miR-155-5p","ZNF98","0","0","0","0","1","0","0","0","1","1"
"MIRT439202","hsa","hsa","hsa-miR-155-5p","ZNF468","0","0","0","0","1","0","0","0","1","1"
"MIRT439210","hsa","hsa","hsa-miR-155-5p","ZNF300","0","0","0","0","1","0","0","0","1","1"
"MIRT439216","hsa","hsa","hsa-miR-155-5p","ZNF260","0","0","0","0","1","0","0","0","1","1"
"MIRT439223","hsa","hsa","hsa-miR-155-5p","ZNF160","0","0","0","0","1","0","0","0","1","1"
"MIRT439231","hsa","hsa","hsa-miR-155-5p","ZKSCAN1","0","0","0","0","1","0","0","0","1","1"
"MIRT439274","hsa","hsa","hsa-miR-155-5p","YEATS2","0","0","0","0","1","0","0","0","1","1"
"MIRT439278","hsa","hsa","hsa-miR-155-5p","XPNPEP1","0","0","0","0","1","0","0","0","1","1"
"MIRT439288","hsa","hsa","hsa-miR-155-5p","WDR82","0","0","0","0","1","0","0","0","1","1"
"MIRT439308","hsa","hsa","hsa-miR-155-5p","VCPIP1","0","0","0","0","1","0","0","0","1","1"
"MIRT439320","hsa","hsa","hsa-miR-155-5p","USP8","0","0","0","0","1","0","0","0","1","1"
"MIRT439362","hsa","hsa","hsa-miR-155-5p","UBE2G1","0","0","0","0","1","0","0","0","1","1"
"MIRT439378","hsa","hsa","hsa-miR-155-5p","TTC8","0","0","0","0","1","0","0","0","1","1"
"MIRT439433","hsa","hsa","hsa-miR-155-5p","TMEM194A","0","0","0","0","1","0","0","0","1","1"
"MIRT439442","hsa","hsa","hsa-miR-155-5p","TMEM123","0","0","0","0","1","0","0","0","1","1"
"MIRT439480","hsa","hsa","hsa-miR-155-5p","TCF4","0","0","0","0","1","0","0","0","1","1"
"MIRT439485","hsa","hsa","hsa-miR-155-5p","TAPT1","0","0","0","0","1","0","0","0","1","1"
"MIRT439517","hsa","hsa","hsa-miR-155-5p","STRN3","0","0","0","0","1","0","0","0","1","1"
"MIRT439536","hsa","hsa","hsa-miR-155-5p","SSU72","0","0","0","0","1","0","0","0","1","1"
"MIRT439538","hsa","hsa","hsa-miR-155-5p","SSH2","0","0","0","0","1","0","0","0","1","1"
"MIRT439623","hsa","hsa","hsa-miR-155-5p","SLC11A2","0","0","0","0","1","0","0","0","1","1"
"MIRT439628","hsa","hsa","hsa-miR-155-5p","SIRT1","0","0","0","0","1","0","0","0","1","1"
"MIRT439655","hsa","hsa","hsa-miR-155-5p","SRSF1","0","0","0","0","1","0","0","0","1","1"
"MIRT439669","hsa","hsa","hsa-miR-155-5p","SETD8","0","0","0","0","1","0","0","0","1","1"
"MIRT439678","hsa","hsa","hsa-miR-155-5p","SERGEF","0","0","0","0","1","0","0","0","1","1"
"MIRT439734","hsa","hsa","hsa-miR-155-5p","RPS20","0","0","0","0","1","0","0","0","1","1"
"MIRT439774","hsa","hsa","hsa-miR-155-5p","RGL1","0","0","0","0","1","0","0","0","1","1"
"MIRT439784","hsa","hsa","hsa-miR-155-5p","REV1","0","0","0","0","1","0","0","0","1","1"
"MIRT439881","hsa","hsa","hsa-miR-155-5p","PTAR1","0","0","0","0","1","0","0","0","1","1"
"MIRT440060","hsa","hsa","hsa-miR-155-5p","OSTM1","0","0","0","0","1","0","0","0","1","1"
"MIRT440122","hsa","hsa","hsa-miR-155-5p","NFAT5","0","0","0","0","1","0","0","0","1","1"
"MIRT440157","hsa","hsa","hsa-miR-155-5p","N4BP1","0","0","0","0","1","0","0","0","1","1"
"MIRT440237","hsa","hsa","hsa-miR-155-5p","MKLN1","0","0","0","0","1","0","0","0","1","1"
"MIRT440351","hsa","hsa","hsa-miR-155-5p","KPNA5","0","0","0","0","1","0","0","0","1","1"
"MIRT440368","hsa","hsa","hsa-miR-155-5p","KIF3A","0","0","0","0","1","0","0","0","1","1"
"MIRT440402","hsa","hsa","hsa-miR-155-5p","KCNN3","0","0","0","0","1","0","0","0","1","1"
"MIRT440454","hsa","hsa","hsa-miR-155-5p","INPP5A","0","0","0","0","1","0","0","0","1","1"
"MIRT440465","hsa","hsa","hsa-miR-155-5p","IFIT5","0","0","0","0","1","0","0","0","1","1"
"MIRT440492","hsa","hsa","hsa-miR-155-5p","HMGCS1","0","0","0","0","1","0","0","0","1","1"
"MIRT440497","hsa","hsa","hsa-miR-155-5p","HLA-DPA1","0","0","0","0","1","0","0","0","1","1"
"MIRT440588","hsa","hsa","hsa-miR-155-5p","GANAB","0","0","0","0","1","0","0","0","1","1"
"MIRT440591","hsa","hsa","hsa-miR-155-5p","GALC","0","0","0","0","1","0","0","0","1","1"
"MIRT440622","hsa","hsa","hsa-miR-155-5p","TMEM66","0","0","0","0","1","0","0","0","1","1"
"MIRT440643","hsa","hsa","hsa-miR-155-5p","FGL2","0","0","0","0","1","0","0","0","1","1"
"MIRT440644","hsa","hsa","hsa-miR-155-5p","FEZ2","0","0","0","0","1","0","0","0","1","1"
"MIRT440700","hsa","hsa","hsa-miR-155-5p","EZH1","0","0","0","0","1","0","0","0","1","1"
"MIRT440722","hsa","hsa","hsa-miR-155-5p","ENTPD1","0","0","0","0","1","0","0","0","1","1"
"MIRT440778","hsa","hsa","hsa-miR-155-5p","DPY19L1","0","0","0","0","1","0","0","1","2","3"
"MIRT440880","hsa","hsa","hsa-miR-155-5p","CREB3L2","0","0","0","0","1","0","0","0","1","1"
"MIRT440899","hsa","hsa","hsa-miR-155-5p","CPEB4","0","0","0","0","1","0","0","0","1","1"
"MIRT440973","hsa","hsa","hsa-miR-155-5p","CDC37","0","0","0","0","1","0","0","0","1","1"
"MIRT441071","hsa","hsa","hsa-miR-155-5p","SWSAP1","0","0","0","0","1","0","0","0","1","1"
"MIRT441101","hsa","hsa","hsa-miR-155-5p","BTBD1","0","0","0","0","1","0","0","0","1","1"
"MIRT441244","hsa","hsa","hsa-miR-155-5p","AKAP10","0","0","0","0","1","0","0","0","1","1"
"MIRT441302","hsa","hsa","hsa-miR-155-5p","ABI2","0","0","0","0","1","0","0","0","1","1"
"MIRT441315","hsa","hsa","hsa-miR-155-5p","AAK1","0","0","0","0","1","0","0","0","1","1"
"MIRT442789","hsa","hsa","hsa-miR-155-5p","CHD8","0","0","0","0","1","0","0","1","2","2"
"MIRT442864","hsa","hsa","hsa-miR-155-5p","AKT1","0","0","0","0","1","0","0","1","2","2"
"MIRT442975","hsa","hsa","hsa-miR-155-5p","PHACTR2","0","0","0","0","1","0","0","1","2","2"
"MIRT443354","hsa","hsa","hsa-miR-155-5p","XPR1","0","0","0","0","1","0","0","1","2","2"
"MIRT444410","hsa","hsa","hsa-miR-155-5p","RAB3IP","0","0","0","0","1","0","0","1","2","2"
"MIRT444908","hsa","hsa","hsa-miR-155-5p","KIAA1841","0","0","0","0","1","0","0","1","2","2"
"MIRT445554","hsa","hsa","hsa-miR-155-5p","PCCA","0","0","0","0","1","0","0","1","2","2"
"MIRT448544","hsa","hsa","hsa-miR-155-5p","RHEBP1","0","0","0","0","1","0","0","1","2","6"
"MIRT449141","hsa","hsa","hsa-miR-155-5p","UQCRB","0","0","0","0","1","0","0","1","2","2"
"MIRT449391","hsa","hsa","hsa-miR-155-5p","FCAMR","0","0","0","0","1","0","0","1","2","2"
"MIRT449697","hsa","hsa","hsa-miR-155-5p","SLC35A1","0","0","0","0","1","0","0","1","2","4"
"MIRT450858","hsa","hsa","hsa-miR-155-5p","HHIP","0","0","0","0","1","0","0","1","2","2"
"MIRT468630","hsa","hsa","hsa-miR-155-5p","SELT","0","0","0","0","1","0","0","1","2","2"
"MIRT478678","hsa","hsa","hsa-miR-155-5p","CSRP2","0","0","0","0","1","0","0","1","2","4"
"MIRT479425","hsa","hsa","hsa-miR-155-5p","CDKN1B","0","0","0","0","1","0","0","1","2","8"
"MIRT485893","hsa","hsa","hsa-miR-155-5p","ZFP36","0","0","0","0","1","0","0","1","2","2"
"MIRT493447","hsa","hsa","hsa-miR-155-5p","KANSL1","0","0","0","0","1","0","0","1","2","6"
"MIRT497241","hsa","hsa","hsa-miR-155-5p","FITM2","0","0","0","0","1","0","0","1","2","2"
"MIRT497718","hsa","hsa","hsa-miR-155-5p","CYP1A1","0","0","0","0","1","0","0","1","2","2"
"MIRT497949","hsa","hsa","hsa-miR-155-5p","DENND1B","0","0","0","0","1","0","0","1","2","2"
"MIRT498288","hsa","hsa","hsa-miR-155-5p","FAM76A","0","0","0","0","1","0","0","1","2","2"
"MIRT498421","hsa","hsa","hsa-miR-155-5p","DOK2","0","0","0","0","1","0","0","1","2","2"
"MIRT500288","hsa","hsa","hsa-miR-155-5p","ZNF703","0","0","0","0","1","0","0","1","2","8"
"MIRT505520","hsa","hsa","hsa-miR-155-5p","SPRED1","0","0","0","0","1","0","0","1","2","2"
"MIRT513659","hsa","hsa","hsa-miR-155-5p","TMEM136","0","0","0","0","1","0","0","1","2","2"
"MIRT513967","hsa","hsa","hsa-miR-155-5p","CNOT6","0","0","0","0","1","0","0","1","2","2"
"MIRT516417","hsa","hsa","hsa-miR-155-5p","ADAMTS4","0","0","0","0","1","0","0","1","2","2"
"MIRT525576","hsa","hsa","hsa-miR-155-5p","MTRNR2L7","0","0","0","0","1","0","0","1","2","2"
"MIRT526223","hsa","hsa","hsa-miR-155-5p","MTRNR2L5","0","0","0","0","1","0","0","1","2","4"
"MIRT526980","hsa","hsa","hsa-miR-155-5p","PLEKHA2","0","0","0","0","1","0","0","1","2","2"
"MIRT546707","hsa","hsa","hsa-miR-155-5p","RORA","0","0","0","0","1","0","0","1","2","4"
"MIRT551153","hsa","hsa","hsa-miR-155-5p","ZNF678","0","0","0","0","1","0","0","1","2","2"
"MIRT553121","hsa","hsa","hsa-miR-155-5p","UBL3","0","0","0","0","1","0","0","1","2","2"
"MIRT555203","hsa","hsa","hsa-miR-155-5p","PRRC1","0","0","0","0","1","0","0","1","2","4"
"MIRT556684","hsa","hsa","hsa-miR-155-5p","KLHL28","0","0","0","0","1","0","0","1","2","2"
"MIRT562439","hsa","hsa","hsa-miR-155-5p","EEF2","0","0","0","0","1","0","0","1","2","2"
"MIRT564632","hsa","hsa","hsa-miR-155-5p","ZNF644","0","0","0","0","1","0","0","1","2","2"
"MIRT568726","hsa","hsa","hsa-miR-155-5p","MTRNR2L3","0","0","0","0","1","0","0","1","2","2"
"MIRT572180","hsa","hsa","hsa-miR-155-5p","CDV3","0","0","0","0","1","0","0","1","2","2"
"MIRT573470","hsa","hsa","hsa-miR-155-5p","MTRNR2L9","0","0","0","0","1","0","0","1","2","2"
"MIRT576687","mmu","mmu","hsa-miR-155-5p","Chrdl1","0","0","0","0","1","0","0","1","2","4"
"MIRT613942","hsa","hsa","hsa-miR-155-5p","CHRDL1","0","0","0","0","1","0","0","1","2","5"
"MIRT621541","hsa","hsa","hsa-miR-155-5p","ZNF500","0","0","0","0","1","0","0","1","2","2"
"MIRT642736","hsa","hsa","hsa-miR-155-5p","TDRD6","0","0","0","0","1","0","0","1","2","2"
"MIRT648843","hsa","hsa","hsa-miR-155-5p","MARVELD1","0","0","0","0","1","0","0","1","2","2"
"MIRT659439","hsa","hsa","hsa-miR-155-5p","CNPPD1","0","0","0","0","1","0","0","1","2","2"
"MIRT709796","hsa","hsa","hsa-miR-155-5p","FOXE1","0","0","0","0","1","0","0","1","2","2"
"MIRT713302","hsa","hsa","hsa-miR-155-5p","TYRP1","0","0","0","0","1","0","0","1","2","2"
"MIRT732802","hsa","hsa","hsa-miR-155-5p","NOS2","1","1","1","0","0","0","0","0","3","0"
"MIRT733089","hsa","hsa","hsa-miR-155-5p","BDNF","1","1","1","0","0","0","0","0","3","0"
"MIRT733144","hsa","hsa","hsa-miR-155-5p","IL1B","0","0","1","0","0","0","0","0","1","0"
"MIRT733145","hsa","hsa","hsa-miR-155-5p","KDR","0","0","1","0","0","0","0","0","1","0"
"MIRT733146","hsa","hsa","hsa-miR-155-5p","CXCL10","0","0","1","0","0","0","0","0","1","0"
"MIRT733434","hsa","hsa","hsa-miR-155-5p","SOX1","1","1","1","0","1","0","0","0","4","0"
"MIRT733543","mmu","mmu","hsa-miR-155-5p","Rela","1","1","1","0","0","0","0","0","3","0"
"MIRT733544","hsa","hsa","hsa-miR-155-5p","BCL10","1","1","1","0","0","0","0","0","3","0"
"MIRT734377","hsa","hsa","hsa-miR-155-5p","BCL2","0","0","1","0","0","0","0","0","1","0"
"MIRT734380","hsa","hsa","hsa-miR-155-5p","NOTCH1","0","0","1","0","0","0","0","0","1","0"
"MIRT735049","hsa","hsa","hsa-miR-155-5p","IRF4","0","0","0","1","0","0","0","0","1","0"
"MIRT735385","hsa","hsa","hsa-miR-155-5p","IRAK2","0","0","1","0","0","0","0","0","1","0"
"MIRT735544","hsa","hsa","hsa-miR-155-5p","RASSF4","1","1","1","0","0","0","0","0","3","0"
"MIRT736029","hsa","hsa","hsa-miR-155-5p","CD4","0","0","1","1","0","0","0","0","2","0"
"MIRT736188","hsa","hsa","hsa-miR-155-5p","OCLN","0","1","0","0","0","0","0","0","1","0"
"MIRT736387","hsa","hsa","hsa-miR-155-5p","NFE2L2","1","0","1","0","0","0","0","0","2","0"
"MIRT736459","hsa","hsa","hsa-miR-155-5p","HIKESHIP1","0","0","1","0","0","0","0","0","1","0"
"MIRT737549","hsa","hsa","hsa-miR-155-5p","MEP1A","1","1","0","0","0","0","0","0","2","0"
"MIRT754858","hsa","hsa","hsa-miR-155-5p","RSRP1","0","0","0","0","0","0","0","1","1","1"